txn_id,date,account_code,account_name,amount,currency
TXN-1000,2023-11-25,5000,Operating Expenses,4439.27,ZAR
TXN-1001,2023-07-27,4000,Revenue,3279.17,ZAR
TXN-1002,2023-01-05,1000,Cash,1183.07,ZAR
TXN-1003,2023-07-07,5000,Operating Expenses,3302.0,ZAR
TXN-1004,2023-12-26,2000,Intercompany Payables,2755.75,ZAR
TXN-1005,2023-03-24,2000,Intercompany Payables,313.02,ZAR
TXN-1006,2023-07-05,1000,Cash,2873.26,ZAR
TXN-1007,2023-01-13,4000,Revenue,3121.11,ZAR
TXN-1008,2023-08-13,5000,Operating Expenses,2131.27,ZAR
TXN-1009,2023-05-18,5000,Operating Expenses,1460.24,ZAR
TXN-1010,2023-10-31,4000,Revenue,3588.39,ZAR
TXN-1011,2023-05-14,2000,Intercompany Payables,2782.6,ZAR
TXN-1012,2023-04-06,5000,Operating Expenses,4700.37,ZAR
TXN-1013,2023-01-10,1000,Cash,2854.01,ZAR
TXN-1014,2023-12-19,2000,Intercompany Payables,1788.46,ZAR
TXN-1015,2023-08-19,4000,Revenue,2362.67,ZAR
TXN-1016,2023-12-16,2000,Intercompany Payables,3099.42,ZAR
TXN-1017,2023-01-08,5000,Operating Expenses,3125.11,ZAR
TXN-1018,2023-04-12,4000,Revenue,2521.63,ZAR
TXN-1019,2023-02-09,1000,Cash,527.89,ZAR
TXN-1020,2023-11-23,1000,Cash,2354.34,ZAR
TXN-1021,2023-02-27,2000,Intercompany Payables,163.66,ZAR
TXN-1022,2023-09-23,1000,Cash,1858.57,ZAR
TXN-1023,2023-03-11,2000,Intercompany Payables,4646.66,ZAR
TXN-1024,2023-01-25,2000,Intercompany Payables,1612.03,ZAR
TXN-1025,2023-12-14,2000,Intercompany Payables,733.09,ZAR
TXN-1026,2023-01-07,4000,Revenue,1955.83,ZAR
TXN-1027,2023-09-30,4000,Revenue,1018.72,ZAR
TXN-1028,2023-09-20,4000,Revenue,3350.92,ZAR
TXN-1029,2023-05-14,5000,Operating Expenses,4372.03,ZAR
TXN-1030,2023-03-01,2000,Intercompany Payables,3719.96,ZAR
TXN-1031,2023-06-09,5000,Operating Expenses,3585.25,ZAR
TXN-1032,2023-09-22,5000,Operating Expenses,3172.8,ZAR
TXN-1033,2023-01-17,2000,Intercompany Payables,3666.19,ZAR
TXN-1034,2023-04-09,2000,Intercompany Payables,1854.78,ZAR
TXN-1035,2023-11-29,2000,Intercompany Payables,4210.81,ZAR
TXN-1036,2023-03-20,1000,Cash,1264.69,ZAR
TXN-1037,2023-02-27,5000,Operating Expenses,2181.02,ZAR
TXN-1038,2023-08-26,4000,Revenue,2720.37,ZAR
TXN-1039,2023-05-04,5000,Operating Expenses,1174.34,ZAR
TXN-1040,2023-04-27,1000,Cash,3844.7,ZAR
TXN-1041,2023-09-18,1000,Cash,297.2,ZAR
TXN-1042,2023-08-18,1000,Cash,4413.15,ZAR
TXN-1043,2023-01-07,1000,Cash,2028.39,ZAR
TXN-1044,2023-03-13,1000,Cash,673.32,ZAR
TXN-1045,2023-02-06,1000,Cash,682.97,ZAR
TXN-1046,2023-11-20,5000,Operating Expenses,154.15,ZAR
TXN-1047,2023-07-17,5000,Operating Expenses,4976.92,ZAR
TXN-1048,2023-09-25,1000,Cash,4492.43,ZAR
TXN-1049,2023-01-24,5000,Operating Expenses,3249.17,ZAR
TXN-1050,2023-12-02,2000,Intercompany Payables,1177.61,ZAR
TXN-1051,2023-08-19,5000,Operating Expenses,2742.38,ZAR
TXN-1052,2023-03-04,5000,Operating Expenses,1888.08,ZAR
TXN-1053,2023-03-24,5000,Operating Expenses,1996.47,ZAR
TXN-1054,2023-07-10,4000,Revenue,1293.56,ZAR
TXN-1055,2023-07-29,4000,Revenue,317.74,ZAR
TXN-1056,2023-12-19,2000,Intercompany Payables,3868.29,ZAR
TXN-1057,2023-09-23,5000,Operating Expenses,2162.29,ZAR
TXN-1058,2023-04-18,5000,Operating Expenses,245.11,ZAR
TXN-1059,2023-05-03,5000,Operating Expenses,1341.05,ZAR
TXN-1060,2023-01-16,1000,Cash,4601.78,ZAR
TXN-1061,2023-10-23,4000,Revenue,2687.4,ZAR
TXN-1062,2023-10-04,4000,Revenue,255.15,ZAR
TXN-1063,2023-01-25,2000,Intercompany Payables,869.03,ZAR
TXN-1064,2023-12-23,1000,Cash,3093.07,ZAR
TXN-1065,2023-10-12,2000,Intercompany Payables,3517.28,ZAR
TXN-1066,2023-06-14,2000,Intercompany Payables,4511.87,ZAR
TXN-1067,2023-11-27,2000,Intercompany Payables,3365.11,ZAR
TXN-1068,2023-02-14,5000,Operating Expenses,3812.99,ZAR
TXN-1069,2023-07-14,4000,Revenue,250.6,ZAR
TXN-1070,2023-02-19,5000,Operating Expenses,1992.77,ZAR
TXN-1071,2023-10-02,5000,Operating Expenses,307.05,ZAR
TXN-1072,2023-09-29,2000,Intercompany Payables,3634.18,ZAR
TXN-1073,2023-06-15,4000,Revenue,4651.91,ZAR
TXN-1074,2023-05-16,4000,Revenue,3925.87,ZAR
TXN-1075,2023-10-11,1000,Cash,4779.6,ZAR
TXN-1076,2023-05-18,2000,Intercompany Payables,4118.92,ZAR
TXN-1077,2023-09-13,5000,Operating Expenses,4837.57,ZAR
TXN-1078,2023-04-09,5000,Operating Expenses,3808.03,ZAR
TXN-1079,2023-05-02,5000,Operating Expenses,4125.16,ZAR
TXN-1080,2023-05-07,4000,Revenue,4321.71,ZAR
TXN-1081,2023-05-31,2000,Intercompany Payables,391.86,ZAR
TXN-1082,2023-11-14,4000,Revenue,2101.74,ZAR
TXN-1083,2023-12-07,1000,Cash,3837.16,ZAR
TXN-1084,2023-12-01,1000,Cash,4213.49,ZAR
TXN-1085,2023-10-14,5000,Operating Expenses,1001.36,ZAR
TXN-1086,2023-06-05,1000,Cash,110.08,ZAR
TXN-1087,2023-08-03,2000,Intercompany Payables,1988.67,ZAR
TXN-1088,2023-10-16,1000,Cash,1682.5,ZAR
TXN-1089,2023-10-23,2000,Intercompany Payables,1795.03,ZAR
TXN-1090,2023-06-11,4000,Revenue,361.94,ZAR
TXN-1091,2023-10-27,2000,Intercompany Payables,522.65,ZAR
TXN-1092,2023-11-28,5000,Operating Expenses,1240.35,ZAR
TXN-1093,2023-02-07,5000,Operating Expenses,1349.82,ZAR
TXN-1094,2023-10-25,1000,Cash,2403.39,ZAR
TXN-1095,2023-03-24,4000,Revenue,3075.34,ZAR
TXN-1096,2023-09-06,5000,Operating Expenses,3742.72,ZAR
TXN-1097,2023-08-10,1000,Cash,2024.7,ZAR
TXN-1098,2023-04-28,2000,Intercompany Payables,3538.83,ZAR
TXN-1099,2023-05-08,2000,Intercompany Payables,4402.76,ZAR
TXN-1100,2023-11-20,5000,Operating Expenses,2624.41,ZAR
TXN-1101,2023-11-24,4000,Revenue,1759.83,ZAR
TXN-1102,2023-06-09,1000,Cash,2578.67,ZAR
TXN-1103,2023-02-04,4000,Revenue,2388.29,ZAR
TXN-1104,2023-12-05,5000,Operating Expenses,1115.53,ZAR
TXN-1105,2023-12-07,1000,Cash,4754.83,ZAR
TXN-1106,2023-09-27,5000,Operating Expenses,2433.0,ZAR
TXN-1107,2023-02-10,2000,Intercompany Payables,1727.82,ZAR
TXN-1108,2023-03-09,5000,Operating Expenses,2785.52,ZAR
TXN-1109,2023-07-22,4000,Revenue,835.93,ZAR
TXN-1110,2023-01-07,5000,Operating Expenses,3221.68,ZAR
TXN-1111,2023-05-09,1000,Cash,3907.1,ZAR
TXN-1112,2023-04-02,4000,Revenue,3496.19,ZAR
TXN-1113,2023-09-28,1000,Cash,3258.47,ZAR
TXN-1114,2023-01-11,2000,Intercompany Payables,1069.0,ZAR
TXN-1115,2023-06-26,1000,Cash,2256.81,ZAR
TXN-1116,2023-02-26,4000,Revenue,598.61,ZAR
TXN-1117,2023-04-07,4000,Revenue,1883.96,ZAR
TXN-1118,2023-05-30,1000,Cash,3960.87,ZAR
TXN-1119,2023-09-18,4000,Revenue,646.61,ZAR
TXN-1120,2023-07-27,4000,Revenue,4848.21,ZAR
TXN-1121,2023-04-21,1000,Cash,1033.35,ZAR
TXN-1122,2023-02-02,4000,Revenue,3071.47,ZAR
TXN-1123,2023-04-17,2000,Intercompany Payables,127.58,ZAR
TXN-1124,2023-03-03,1000,Cash,4704.03,ZAR
TXN-1125,2023-08-01,4000,Revenue,4372.76,ZAR
TXN-1126,2023-04-20,4000,Revenue,4440.77,ZAR
TXN-1127,2023-10-26,2000,Intercompany Payables,2791.49,ZAR
TXN-1128,2023-08-24,2000,Intercompany Payables,300.73,ZAR
TXN-1129,2023-02-13,2000,Intercompany Payables,1136.05,ZAR
TXN-1130,2023-05-24,5000,Operating Expenses,2507.17,ZAR
TXN-1131,2023-09-05,1000,Cash,4252.12,ZAR
TXN-1132,2023-01-30,5000,Operating Expenses,3254.47,ZAR
TXN-1133,2023-05-06,2000,Intercompany Payables,4194.92,ZAR
TXN-1134,2023-06-16,5000,Operating Expenses,2402.79,ZAR
TXN-1135,2023-12-06,4000,Revenue,3407.64,ZAR
TXN-1136,2023-10-15,4000,Revenue,584.91,ZAR
TXN-1137,2023-08-04,5000,Operating Expenses,1739.53,ZAR
TXN-1138,2023-12-27,5000,Operating Expenses,1290.07,ZAR
TXN-1139,2023-06-29,1000,Cash,319.3,ZAR
TXN-1140,2023-11-25,5000,Operating Expenses,3592.42,ZAR
TXN-1141,2023-11-24,4000,Revenue,1317.9,ZAR
TXN-1142,2023-03-02,1000,Cash,3922.34,ZAR
TXN-1143,2023-08-07,1000,Cash,2125.47,ZAR
TXN-1144,2023-06-20,2000,Intercompany Payables,3257.25,ZAR
TXN-1145,2023-12-14,4000,Revenue,605.74,ZAR
TXN-1146,2023-06-23,2000,Intercompany Payables,2277.07,ZAR
TXN-1147,2023-06-23,2000,Intercompany Payables,4724.76,ZAR
TXN-1148,2023-01-21,1000,Cash,683.02,ZAR
TXN-1149,2023-06-20,5000,Operating Expenses,1479.65,ZAR
TXN-1150,2023-07-15,4000,Revenue,4357.55,ZAR
TXN-1151,2023-05-09,1000,Cash,3181.62,ZAR
TXN-1152,2023-06-06,1000,Cash,937.42,ZAR
TXN-1153,2023-06-15,5000,Operating Expenses,188.65,ZAR
TXN-1154,2023-11-26,4000,Revenue,4538.82,ZAR
TXN-1155,2023-06-02,4000,Revenue,2894.42,ZAR
TXN-1156,2023-05-14,5000,Operating Expenses,1973.46,ZAR
TXN-1157,2023-10-20,4000,Revenue,4376.5,ZAR
TXN-1158,2023-06-23,4000,Revenue,905.07,ZAR
TXN-1159,2023-07-06,5000,Operating Expenses,3317.22,ZAR
TXN-1160,2023-10-11,5000,Operating Expenses,3438.78,ZAR
TXN-1161,2023-09-04,4000,Revenue,434.89,ZAR
TXN-1162,2023-05-11,1000,Cash,1334.62,ZAR
TXN-1163,2023-12-08,5000,Operating Expenses,3031.01,ZAR
TXN-1164,2023-09-13,2000,Intercompany Payables,3743.19,ZAR
TXN-1165,2023-12-14,2000,Intercompany Payables,1770.88,ZAR
TXN-1166,2023-02-25,1000,Cash,4107.05,ZAR
TXN-1167,2023-05-22,5000,Operating Expenses,4573.03,ZAR
TXN-1168,2023-04-30,2000,Intercompany Payables,1767.64,ZAR
TXN-1169,2023-03-22,2000,Intercompany Payables,4454.5,ZAR
TXN-1170,2023-09-17,1000,Cash,1887.36,ZAR
TXN-1171,2023-04-29,1000,Cash,2656.86,ZAR
TXN-1172,2023-09-28,1000,Cash,3322.38,ZAR
TXN-1173,2023-12-30,4000,Revenue,1086.5,ZAR
TXN-1174,2023-10-14,5000,Operating Expenses,3890.15,ZAR
TXN-1175,2023-05-03,5000,Operating Expenses,4744.74,ZAR
TXN-1176,2023-08-24,2000,Intercompany Payables,4516.05,ZAR
TXN-1177,2023-12-07,4000,Revenue,3138.61,ZAR
TXN-1178,2023-11-24,2000,Intercompany Payables,1335.74,ZAR
TXN-1179,2023-01-28,5000,Operating Expenses,4262.35,ZAR
TXN-1180,2023-02-09,1000,Cash,2988.37,ZAR
TXN-1181,2023-11-15,2000,Intercompany Payables,4154.73,ZAR
TXN-1182,2023-03-04,2000,Intercompany Payables,2287.78,ZAR
TXN-1183,2023-01-19,2000,Intercompany Payables,3318.67,ZAR
TXN-1184,2023-08-05,1000,Cash,1346.7,ZAR
TXN-1185,2023-11-21,5000,Operating Expenses,4662.62,ZAR
TXN-1186,2023-01-04,1000,Cash,300.16,ZAR
TXN-1187,2023-08-15,2000,Intercompany Payables,4389.22,ZAR
TXN-1188,2023-08-24,2000,Intercompany Payables,4520.86,ZAR
TXN-1189,2023-10-25,4000,Revenue,1613.67,ZAR
TXN-1190,2023-03-07,5000,Operating Expenses,3150.66,ZAR
TXN-1191,2023-11-14,1000,Cash,202.16,ZAR
TXN-1192,2023-05-10,5000,Operating Expenses,395.6,ZAR
TXN-1193,2023-02-09,4000,Revenue,3875.64,ZAR
TXN-1194,2023-02-14,4000,Revenue,1650.8,ZAR
TXN-1195,2023-02-13,1000,Cash,4536.39,ZAR
TXN-1196,2023-10-31,4000,Revenue,1695.65,ZAR
TXN-1197,2023-11-19,5000,Operating Expenses,1710.34,ZAR
TXN-1198,2023-02-09,2000,Intercompany Payables,2414.81,ZAR
TXN-1199,2023-09-22,1000,Cash,2264.02,ZAR
TXN-1200,2023-07-27,1000,Cash,1424.48,ZAR
TXN-1201,2023-06-04,4000,Revenue,4568.83,ZAR
TXN-1202,2023-12-28,4000,Revenue,265.58,ZAR
TXN-1203,2023-01-12,5000,Operating Expenses,1465.89,ZAR
TXN-1204,2023-10-29,4000,Revenue,4524.29,ZAR
TXN-1205,2023-04-27,5000,Operating Expenses,2880.83,ZAR
TXN-1206,2023-09-08,5000,Operating Expenses,553.54,ZAR
TXN-1207,2023-06-28,5000,Operating Expenses,4025.57,ZAR
TXN-1208,2023-04-24,1000,Cash,3744.44,ZAR
TXN-1209,2023-04-23,4000,Revenue,959.3,ZAR
TXN-1210,2023-06-05,2000,Intercompany Payables,4003.67,ZAR
TXN-1211,2023-01-31,1000,Cash,4760.21,ZAR
TXN-1212,2023-09-15,5000,Operating Expenses,530.2,ZAR
TXN-1213,2023-01-08,1000,Cash,1924.39,ZAR
TXN-1214,2023-05-19,4000,Revenue,3472.1,ZAR
TXN-1215,2023-08-23,4000,Revenue,4266.06,ZAR
TXN-1216,2023-05-24,4000,Revenue,1804.66,ZAR
TXN-1217,2023-01-16,4000,Revenue,2176.1,ZAR
TXN-1218,2023-08-24,5000,Operating Expenses,3850.01,ZAR
TXN-1219,2023-05-26,2000,Intercompany Payables,2450.2,ZAR
TXN-1220,2023-02-10,1000,Cash,4492.47,ZAR
TXN-1221,2023-07-29,2000,Intercompany Payables,806.48,ZAR
TXN-1222,2023-07-14,1000,Cash,3327.72,ZAR
TXN-1223,2023-04-23,4000,Revenue,3960.14,ZAR
TXN-1224,2023-10-20,4000,Revenue,2673.59,ZAR
TXN-1225,2023-08-02,1000,Cash,3846.55,ZAR
TXN-1226,2023-10-08,5000,Operating Expenses,3177.62,ZAR
TXN-1227,2023-03-31,1000,Cash,172.53,ZAR
TXN-1228,2023-08-01,4000,Revenue,2970.59,ZAR
TXN-1229,2023-06-14,2000,Intercompany Payables,1452.29,ZAR
TXN-1230,2023-08-04,4000,Revenue,4524.3,ZAR
TXN-1231,2023-10-05,5000,Operating Expenses,496.13,ZAR
TXN-1232,2023-09-10,2000,Intercompany Payables,3605.86,ZAR
TXN-1233,2023-08-15,1000,Cash,2270.63,ZAR
TXN-1234,2023-05-10,5000,Operating Expenses,3552.58,ZAR
TXN-1235,2023-04-26,5000,Operating Expenses,3351.06,ZAR
TXN-1236,2023-10-19,4000,Revenue,4345.2,ZAR
TXN-1237,2023-07-04,2000,Intercompany Payables,3211.43,ZAR
TXN-1238,2023-10-21,4000,Revenue,494.26,ZAR
TXN-1239,2023-06-28,5000,Operating Expenses,3490.41,ZAR
TXN-1240,2023-05-03,4000,Revenue,4431.35,ZAR
TXN-1241,2023-10-01,2000,Intercompany Payables,3074.94,ZAR
TXN-1242,2023-11-28,1000,Cash,2138.31,ZAR
TXN-1243,2023-08-07,2000,Intercompany Payables,720.18,ZAR
TXN-1244,2023-05-11,2000,Intercompany Payables,3128.5,ZAR
TXN-1245,2023-12-23,4000,Revenue,3951.62,ZAR
TXN-1246,2023-12-17,1000,Cash,2599.09,ZAR
TXN-1247,2023-10-29,1000,Cash,1434.56,ZAR
TXN-1248,2023-07-14,1000,Cash,4210.15,ZAR
TXN-1249,2023-05-12,5000,Operating Expenses,2706.41,ZAR
TXN-1250,2023-03-12,5000,Operating Expenses,3928.66,ZAR
TXN-1251,2023-05-11,1000,Cash,2705.47,ZAR
TXN-1252,2023-01-15,2000,Intercompany Payables,3417.88,ZAR
TXN-1253,2023-03-26,2000,Intercompany Payables,1773.86,ZAR
TXN-1254,2023-09-25,1000,Cash,1578.41,ZAR
TXN-1255,2023-02-01,5000,Operating Expenses,3334.76,ZAR
TXN-1256,2023-12-05,5000,Operating Expenses,3499.21,ZAR
TXN-1257,2023-12-27,1000,Cash,189.56,ZAR
TXN-1258,2023-08-22,2000,Intercompany Payables,4221.82,ZAR
TXN-1259,2023-11-14,4000,Revenue,1204.83,ZAR
TXN-1260,2023-08-25,2000,Intercompany Payables,844.53,ZAR
TXN-1261,2023-05-02,4000,Revenue,2901.67,ZAR
TXN-1262,2023-04-21,5000,Operating Expenses,1445.12,ZAR
TXN-1263,2023-03-18,2000,Intercompany Payables,544.07,ZAR
TXN-1264,2023-10-11,4000,Revenue,1160.0,ZAR
TXN-1265,2023-08-24,4000,Revenue,4678.26,ZAR
TXN-1266,2023-05-01,1000,Cash,1362.08,ZAR
TXN-1267,2023-07-15,4000,Revenue,2194.13,ZAR
TXN-1268,2023-09-03,2000,Intercompany Payables,3102.08,ZAR
TXN-1269,2023-08-26,5000,Operating Expenses,701.06,ZAR
TXN-1270,2023-06-27,2000,Intercompany Payables,1949.48,ZAR
TXN-1271,2023-08-27,1000,Cash,2340.01,ZAR
TXN-1272,2023-03-16,5000,Operating Expenses,2368.37,ZAR
TXN-1273,2023-09-21,1000,Cash,1084.85,ZAR
TXN-1274,2023-07-02,1000,Cash,1677.75,ZAR
TXN-1275,2023-12-09,4000,Revenue,4601.19,ZAR
TXN-1276,2023-01-12,2000,Intercompany Payables,772.4,ZAR
TXN-1277,2023-02-06,4000,Revenue,3543.06,ZAR
TXN-1278,2023-04-04,2000,Intercompany Payables,2310.07,ZAR
TXN-1279,2023-03-16,2000,Intercompany Payables,154.56,ZAR
TXN-1280,2023-07-27,5000,Operating Expenses,643.69,ZAR
TXN-1281,2023-09-12,1000,Cash,2412.21,ZAR
TXN-1282,2023-05-02,2000,Intercompany Payables,2542.65,ZAR
TXN-1283,2023-10-24,5000,Operating Expenses,340.05,ZAR
TXN-1284,2023-12-26,1000,Cash,4282.88,ZAR
TXN-1285,2023-11-17,4000,Revenue,2671.62,ZAR
TXN-1286,2023-04-15,2000,Intercompany Payables,551.21,ZAR
TXN-1287,2023-10-18,4000,Revenue,3073.3,ZAR
TXN-1288,2023-05-04,4000,Revenue,3379.7,ZAR
TXN-1289,2023-04-27,1000,Cash,4829.59,ZAR
TXN-1290,2023-10-23,2000,Intercompany Payables,2462.43,ZAR
TXN-1291,2023-07-16,5000,Operating Expenses,4938.43,ZAR
TXN-1292,2023-11-03,4000,Revenue,4193.18,ZAR
TXN-1293,2023-10-27,5000,Operating Expenses,3547.09,ZAR
TXN-1294,2023-08-27,1000,Cash,3048.68,ZAR
TXN-1295,2023-02-07,5000,Operating Expenses,1028.45,ZAR
TXN-1296,2023-04-10,1000,Cash,358.82,ZAR
TXN-1297,2023-05-06,5000,Operating Expenses,3260.47,ZAR
TXN-1298,2023-09-25,4000,Revenue,623.99,ZAR
TXN-1299,2023-11-09,4000,Revenue,4226.84,ZAR
TXN-1300,2023-02-19,4000,Revenue,3595.08,ZAR
TXN-1301,2023-05-10,4000,Revenue,2022.89,ZAR
TXN-1302,2023-09-14,4000,Revenue,1263.58,ZAR
TXN-1303,2023-03-17,4000,Revenue,2239.39,ZAR
TXN-1304,2023-03-26,1000,Cash,342.08,ZAR
TXN-1305,2023-02-20,2000,Intercompany Payables,2309.15,ZAR
TXN-1306,2023-03-14,5000,Operating Expenses,384.83,ZAR
TXN-1307,2023-12-31,5000,Operating Expenses,1556.42,ZAR
TXN-1308,2023-11-13,5000,Operating Expenses,3307.71,ZAR
TXN-1309,2023-01-13,2000,Intercompany Payables,2202.93,ZAR
TXN-1310,2023-05-25,5000,Operating Expenses,3001.15,ZAR
TXN-1311,2023-04-16,5000,Operating Expenses,2442.7,ZAR
TXN-1312,2023-07-10,5000,Operating Expenses,4575.55,ZAR
TXN-1313,2023-07-02,2000,Intercompany Payables,2371.67,ZAR
TXN-1314,2023-03-19,2000,Intercompany Payables,501.22,ZAR
TXN-1315,2023-12-21,4000,Revenue,3759.89,ZAR
TXN-1316,2023-02-19,2000,Intercompany Payables,422.09,ZAR
TXN-1317,2023-06-21,5000,Operating Expenses,2215.2,ZAR
TXN-1318,2023-01-12,5000,Operating Expenses,775.08,ZAR
TXN-1319,2023-05-14,5000,Operating Expenses,4956.78,ZAR
TXN-1320,2023-12-05,2000,Intercompany Payables,3517.73,ZAR
TXN-1321,2023-06-03,1000,Cash,3662.13,ZAR
TXN-1322,2023-01-31,1000,Cash,1699.17,ZAR
TXN-1323,2023-04-13,2000,Intercompany Payables,3092.79,ZAR
TXN-1324,2023-08-30,4000,Revenue,105.17,ZAR
TXN-1325,2023-02-08,4000,Revenue,2546.19,ZAR
TXN-1326,2023-12-25,1000,Cash,4163.55,ZAR
TXN-1327,2023-10-16,2000,Intercompany Payables,1709.99,ZAR
TXN-1328,2023-03-18,2000,Intercompany Payables,4511.21,ZAR
TXN-1329,2023-05-01,5000,Operating Expenses,3654.98,ZAR
TXN-1330,2023-08-30,2000,Intercompany Payables,119.11,ZAR
TXN-1331,2023-10-05,1000,Cash,525.78,ZAR
TXN-1332,2023-09-05,4000,Revenue,4749.18,ZAR
TXN-1333,2023-05-15,5000,Operating Expenses,1723.46,ZAR
TXN-1334,2023-10-29,1000,Cash,1648.92,ZAR
TXN-1335,2023-09-20,5000,Operating Expenses,4102.62,ZAR
TXN-1336,2023-02-05,1000,Cash,533.6,ZAR
TXN-1337,2023-01-31,2000,Intercompany Payables,3138.38,ZAR
TXN-1338,2023-04-02,1000,Cash,4572.01,ZAR
TXN-1339,2023-09-03,4000,Revenue,3318.2,ZAR
TXN-1340,2023-05-02,5000,Operating Expenses,1035.23,ZAR
TXN-1341,2023-11-05,2000,Intercompany Payables,2533.08,ZAR
TXN-1342,2023-03-18,5000,Operating Expenses,4281.24,ZAR
TXN-1343,2023-09-19,1000,Cash,4549.88,ZAR
TXN-1344,2023-03-28,1000,Cash,3815.57,ZAR
TXN-1345,2023-03-30,4000,Revenue,4136.14,ZAR
TXN-1346,2023-03-26,2000,Intercompany Payables,3443.75,ZAR
TXN-1347,2023-06-14,1000,Cash,191.43,ZAR
TXN-1348,2023-01-03,1000,Cash,2598.54,ZAR
TXN-1349,2023-11-06,4000,Revenue,2859.7,ZAR
TXN-1350,2023-11-21,4000,Revenue,4599.47,ZAR
TXN-1351,2023-11-11,2000,Intercompany Payables,1580.48,ZAR
TXN-1352,2023-01-17,4000,Revenue,3006.77,ZAR
TXN-1353,2023-06-11,5000,Operating Expenses,2432.89,ZAR
TXN-1354,2023-01-17,1000,Cash,4151.81,ZAR
TXN-1355,2023-10-31,2000,Intercompany Payables,4531.24,ZAR
TXN-1356,2023-01-02,4000,Revenue,4325.93,ZAR
TXN-1357,2023-10-08,2000,Intercompany Payables,4652.16,ZAR
TXN-1358,2023-03-18,2000,Intercompany Payables,2907.13,ZAR
TXN-1359,2023-02-12,4000,Revenue,428.51,ZAR
TXN-1360,2023-02-25,1000,Cash,3428.38,ZAR
TXN-1361,2023-08-01,1000,Cash,2685.46,ZAR
TXN-1362,2023-03-31,5000,Operating Expenses,1396.97,ZAR
TXN-1363,2023-05-18,1000,Cash,4791.11,ZAR
TXN-1364,2023-02-24,1000,Cash,1655.42,ZAR
TXN-1365,2023-10-10,5000,Operating Expenses,3154.67,ZAR
TXN-1366,2023-02-06,5000,Operating Expenses,322.56,ZAR
TXN-1367,2023-04-22,5000,Operating Expenses,4716.06,ZAR
TXN-1368,2023-01-30,1000,Cash,2734.1,ZAR
TXN-1369,2023-04-23,1000,Cash,3400.3,ZAR
TXN-1370,2023-09-30,4000,Revenue,3783.33,ZAR
TXN-1371,2023-04-28,5000,Operating Expenses,3030.7,ZAR
TXN-1372,2023-06-28,1000,Cash,4842.81,ZAR
TXN-1373,2023-12-04,4000,Revenue,4607.58,ZAR
TXN-1374,2023-05-22,5000,Operating Expenses,3269.17,ZAR
TXN-1375,2023-06-02,5000,Operating Expenses,3453.62,ZAR
TXN-1376,2023-09-11,1000,Cash,522.45,ZAR
TXN-1377,2023-10-19,4000,Revenue,3389.91,ZAR
TXN-1378,2023-08-16,4000,Revenue,3564.36,ZAR
TXN-1379,2023-11-02,5000,Operating Expenses,465.64,ZAR
TXN-1380,2023-10-10,1000,Cash,1060.64,ZAR
TXN-1381,2023-09-18,1000,Cash,1597.69,ZAR
TXN-1382,2023-06-20,4000,Revenue,325.95,ZAR
TXN-1383,2023-04-25,4000,Revenue,3154.28,ZAR
TXN-1384,2023-05-24,5000,Operating Expenses,3910.35,ZAR
TXN-1385,2023-09-30,2000,Intercompany Payables,4121.71,ZAR
TXN-1386,2023-11-26,2000,Intercompany Payables,4950.47,ZAR
TXN-1387,2023-07-24,5000,Operating Expenses,4592.84,ZAR
TXN-1388,2023-10-03,1000,Cash,275.38,ZAR
TXN-1389,2023-07-08,1000,Cash,1908.05,ZAR
TXN-1390,2023-11-25,2000,Intercompany Payables,3865.34,ZAR
TXN-1391,2023-02-05,2000,Intercompany Payables,3292.52,ZAR
TXN-1392,2023-08-04,5000,Operating Expenses,260.75,ZAR
TXN-1393,2023-10-16,1000,Cash,1870.85,ZAR
TXN-1394,2023-01-08,5000,Operating Expenses,3858.57,ZAR
TXN-1395,2023-04-27,5000,Operating Expenses,872.6,ZAR
TXN-1396,2023-03-09,1000,Cash,3807.0,ZAR
TXN-1397,2023-07-22,4000,Revenue,2970.47,ZAR
TXN-1398,2023-01-29,5000,Operating Expenses,1248.56,ZAR
TXN-1399,2023-04-20,2000,Intercompany Payables,2687.8,ZAR
TXN-1400,2023-07-02,4000,Revenue,3023.67,ZAR
TXN-1401,2023-12-28,4000,Revenue,935.49,ZAR
TXN-1402,2023-03-04,2000,Intercompany Payables,2753.78,ZAR
TXN-1403,2023-09-12,2000,Intercompany Payables,2080.32,ZAR
TXN-1404,2023-06-28,2000,Intercompany Payables,2308.79,ZAR
TXN-1405,2023-05-17,5000,Operating Expenses,1641.81,ZAR
TXN-1406,2023-03-20,1000,Cash,1729.27,ZAR
TXN-1407,2023-08-17,1000,Cash,1463.49,ZAR
TXN-1408,2023-11-04,2000,Intercompany Payables,2493.4,ZAR
TXN-1409,2023-10-30,1000,Cash,616.32,ZAR
TXN-1410,2023-06-03,4000,Revenue,2748.91,ZAR
TXN-1411,2023-02-10,5000,Operating Expenses,2690.79,ZAR
TXN-1412,2023-05-06,1000,Cash,1581.76,ZAR
TXN-1413,2023-05-27,5000,Operating Expenses,1874.36,ZAR
TXN-1414,2023-11-19,2000,Intercompany Payables,3127.95,ZAR
TXN-1415,2023-10-10,4000,Revenue,2220.25,ZAR
TXN-1416,2023-07-09,4000,Revenue,2368.79,ZAR
TXN-1417,2023-06-10,4000,Revenue,1866.02,ZAR
TXN-1418,2023-10-03,1000,Cash,3306.39,ZAR
TXN-1419,2023-09-27,1000,Cash,1298.36,ZAR
TXN-1420,2023-04-26,5000,Operating Expenses,140.83,ZAR
TXN-1421,2023-06-29,4000,Revenue,2055.82,ZAR
TXN-1422,2023-06-01,5000,Operating Expenses,2153.45,ZAR
TXN-1423,2023-08-04,4000,Revenue,3098.42,ZAR
TXN-1424,2023-11-28,4000,Revenue,3217.61,ZAR
TXN-1425,2023-10-18,2000,Intercompany Payables,1155.12,ZAR
TXN-1426,2023-11-24,2000,Intercompany Payables,1249.87,ZAR
TXN-1427,2023-07-24,5000,Operating Expenses,568.99,ZAR
TXN-1428,2023-07-09,2000,Intercompany Payables,3520.39,ZAR
TXN-1429,2023-07-16,2000,Intercompany Payables,2400.05,ZAR
TXN-1430,2023-01-30,4000,Revenue,1357.22,ZAR
TXN-1431,2023-01-22,1000,Cash,4062.33,ZAR
TXN-1432,2023-11-30,5000,Operating Expenses,671.45,ZAR
TXN-1433,2023-06-01,4000,Revenue,2477.49,ZAR
TXN-1434,2023-01-25,2000,Intercompany Payables,405.6,ZAR
TXN-1435,2023-02-20,1000,Cash,3710.92,ZAR
TXN-1436,2023-10-31,4000,Revenue,4001.34,ZAR
TXN-1437,2023-09-05,4000,Revenue,3972.35,ZAR
TXN-1438,2023-04-05,5000,Operating Expenses,3179.73,ZAR
TXN-1439,2023-05-09,2000,Intercompany Payables,1234.26,ZAR
TXN-1440,2023-07-20,4000,Revenue,4007.7,ZAR
TXN-1441,2023-02-19,2000,Intercompany Payables,1779.78,ZAR
TXN-1442,2023-01-17,4000,Revenue,3933.87,ZAR
TXN-1443,2023-11-20,5000,Operating Expenses,621.57,ZAR
TXN-1444,2023-02-10,5000,Operating Expenses,4660.92,ZAR
TXN-1445,2023-09-08,4000,Revenue,4835.22,ZAR
TXN-1446,2023-06-08,5000,Operating Expenses,4362.53,ZAR
TXN-1447,2023-08-08,1000,Cash,1856.27,ZAR
TXN-1448,2023-06-09,2000,Intercompany Payables,1678.03,ZAR
TXN-1449,2023-12-08,5000,Operating Expenses,4162.1,ZAR
TXN-1450,2023-02-15,1000,Cash,163.11,ZAR
TXN-1451,2023-12-31,2000,Intercompany Payables,1390.96,ZAR
TXN-1452,2023-08-25,4000,Revenue,3465.7,ZAR
TXN-1453,2023-03-10,5000,Operating Expenses,476.97,ZAR
TXN-1454,2023-01-10,2000,Intercompany Payables,3305.8,ZAR
TXN-1455,2023-10-20,5000,Operating Expenses,2706.69,ZAR
TXN-1456,2023-08-20,4000,Revenue,4874.89,ZAR
TXN-1457,2023-10-02,4000,Revenue,3476.61,ZAR
TXN-1458,2023-06-26,5000,Operating Expenses,2461.2,ZAR
TXN-1459,2023-06-01,2000,Intercompany Payables,4275.45,ZAR
TXN-1460,2023-05-18,1000,Cash,1890.47,ZAR
TXN-1461,2023-04-05,2000,Intercompany Payables,1969.96,ZAR
TXN-1462,2023-08-03,2000,Intercompany Payables,1282.89,ZAR
TXN-1463,2023-09-14,2000,Intercompany Payables,625.57,ZAR
TXN-1464,2023-06-05,4000,Revenue,1502.57,ZAR
TXN-1465,2023-01-27,1000,Cash,1254.64,ZAR
TXN-1466,2023-01-13,2000,Intercompany Payables,1602.23,ZAR
TXN-1467,2023-08-03,5000,Operating Expenses,4059.28,ZAR
TXN-1468,2023-12-11,2000,Intercompany Payables,4083.2,ZAR
TXN-1469,2023-07-11,5000,Operating Expenses,1264.96,ZAR
TXN-1470,2023-02-27,1000,Cash,1826.4,ZAR
TXN-1471,2023-05-10,2000,Intercompany Payables,519.1,ZAR
TXN-1472,2023-04-17,1000,Cash,3730.8,ZAR
TXN-1473,2023-06-01,2000,Intercompany Payables,3484.54,ZAR
TXN-1474,2023-06-21,1000,Cash,348.85,ZAR
TXN-1475,2023-10-11,5000,Operating Expenses,2656.79,ZAR
TXN-1476,2023-01-27,4000,Revenue,2400.45,ZAR
TXN-1477,2023-12-28,5000,Operating Expenses,3140.0,ZAR
TXN-1478,2023-09-01,1000,Cash,4918.59,ZAR
TXN-1479,2023-11-21,1000,Cash,3589.08,ZAR
TXN-1480,2023-11-28,1000,Cash,1804.24,ZAR
TXN-1481,2023-10-16,1000,Cash,4543.18,ZAR
TXN-1482,2023-05-29,4000,Revenue,3987.4,ZAR
TXN-1483,2023-02-02,1000,Cash,1067.54,ZAR
TXN-1484,2023-10-21,5000,Operating Expenses,2151.23,ZAR
TXN-1485,2023-05-19,5000,Operating Expenses,4465.94,ZAR
TXN-1486,2023-11-06,2000,Intercompany Payables,2690.2,ZAR
TXN-1487,2023-01-22,5000,Operating Expenses,648.54,ZAR
TXN-1488,2023-09-14,1000,Cash,438.82,ZAR
TXN-1489,2023-01-06,2000,Intercompany Payables,887.2,ZAR
TXN-1490,2023-03-20,5000,Operating Expenses,1671.38,ZAR
TXN-1491,2023-11-12,5000,Operating Expenses,3425.18,ZAR
TXN-1492,2023-04-24,1000,Cash,1666.97,ZAR
TXN-1493,2023-09-10,5000,Operating Expenses,2860.81,ZAR
TXN-1494,2023-04-07,2000,Intercompany Payables,2239.83,ZAR
TXN-1495,2023-09-13,1000,Cash,1369.35,ZAR
TXN-1496,2023-07-10,5000,Operating Expenses,2577.39,ZAR
TXN-1497,2023-05-01,4000,Revenue,2544.62,ZAR
TXN-1498,2023-04-23,1000,Cash,1890.9,ZAR
TXN-1499,2023-12-15,4000,Revenue,891.95,ZAR
TXN-1500,2023-12-12,2000,Intercompany Payables,2426.9,ZAR
TXN-1501,2023-09-06,2000,Intercompany Payables,4223.62,ZAR
TXN-1502,2023-08-27,4000,Revenue,477.12,ZAR
TXN-1503,2023-05-23,1000,Cash,4253.86,ZAR
TXN-1504,2023-05-20,1000,Cash,2936.24,ZAR
TXN-1505,2023-06-08,5000,Operating Expenses,207.15,ZAR
TXN-1506,2023-09-11,4000,Revenue,2820.29,ZAR
TXN-1507,2023-09-18,2000,Intercompany Payables,4705.64,ZAR
TXN-1508,2023-07-02,1000,Cash,562.59,ZAR
TXN-1509,2023-01-09,4000,Revenue,3280.91,ZAR
TXN-1510,2023-03-31,5000,Operating Expenses,1471.73,ZAR
TXN-1511,2023-04-08,1000,Cash,1102.6,ZAR
TXN-1512,2023-07-08,2000,Intercompany Payables,3206.92,ZAR
TXN-1513,2023-01-24,2000,Intercompany Payables,3130.43,ZAR
TXN-1514,2023-07-26,1000,Cash,2850.62,ZAR
TXN-1515,2023-07-13,4000,Revenue,3623.07,ZAR
TXN-1516,2023-01-05,4000,Revenue,2110.22,ZAR
TXN-1517,2023-12-22,1000,Cash,4782.31,ZAR
TXN-1518,2023-11-19,5000,Operating Expenses,4997.18,ZAR
TXN-1519,2023-10-26,2000,Intercompany Payables,2386.32,ZAR
TXN-1520,2023-04-22,1000,Cash,1735.55,ZAR
TXN-1521,2023-06-17,1000,Cash,2828.87,ZAR
TXN-1522,2023-02-28,1000,Cash,404.44,ZAR
TXN-1523,2023-02-12,4000,Revenue,2799.56,ZAR
TXN-1524,2023-02-27,4000,Revenue,4579.93,ZAR
TXN-1525,2023-02-18,4000,Revenue,1620.55,ZAR
TXN-1526,2023-04-16,5000,Operating Expenses,285.73,ZAR
TXN-1527,2023-05-21,4000,Revenue,2662.59,ZAR
TXN-1528,2023-10-03,2000,Intercompany Payables,1328.66,ZAR
TXN-1529,2023-01-04,4000,Revenue,4119.55,ZAR
TXN-1530,2023-10-07,1000,Cash,2351.57,ZAR
TXN-1531,2023-07-22,4000,Revenue,4480.39,ZAR
TXN-1532,2023-05-18,2000,Intercompany Payables,4971.55,ZAR
TXN-1533,2023-06-13,2000,Intercompany Payables,745.51,ZAR
TXN-1534,2023-04-07,5000,Operating Expenses,2173.26,ZAR
TXN-1535,2023-09-04,1000,Cash,1713.26,ZAR
TXN-1536,2023-09-27,4000,Revenue,1492.27,ZAR
TXN-1537,2023-02-20,2000,Intercompany Payables,4750.92,ZAR
TXN-1538,2023-11-19,4000,Revenue,1273.3,ZAR
TXN-1539,2023-07-10,1000,Cash,4890.67,ZAR
TXN-1540,2023-11-25,2000,Intercompany Payables,4412.38,ZAR
TXN-1541,2023-08-29,4000,Revenue,4563.76,ZAR
TXN-1542,2023-07-31,1000,Cash,4577.47,ZAR
TXN-1543,2023-02-04,4000,Revenue,2852.9,ZAR
TXN-1544,2023-08-04,1000,Cash,1490.71,ZAR
TXN-1545,2023-04-27,1000,Cash,452.56,ZAR
TXN-1546,2023-01-20,1000,Cash,4487.65,ZAR
TXN-1547,2023-12-27,2000,Intercompany Payables,1888.35,ZAR
TXN-1548,2023-12-18,1000,Cash,2456.23,ZAR
TXN-1549,2023-11-05,4000,Revenue,3644.3,ZAR
TXN-1550,2023-12-18,2000,Intercompany Payables,4742.76,ZAR
TXN-1551,2023-04-27,5000,Operating Expenses,671.1,ZAR
TXN-1552,2023-12-18,2000,Intercompany Payables,3815.87,ZAR
TXN-1553,2023-10-27,5000,Operating Expenses,4742.82,ZAR
TXN-1554,2023-10-21,1000,Cash,3413.29,ZAR
TXN-1555,2023-12-25,4000,Revenue,3538.92,ZAR
TXN-1556,2023-03-03,2000,Intercompany Payables,3833.98,ZAR
TXN-1557,2023-01-30,2000,Intercompany Payables,3040.15,ZAR
TXN-1558,2023-11-17,5000,Operating Expenses,3949.29,ZAR
TXN-1559,2023-06-07,2000,Intercompany Payables,2932.29,ZAR
TXN-1560,2023-02-19,2000,Intercompany Payables,2646.71,ZAR
TXN-1561,2023-02-15,5000,Operating Expenses,4040.1,ZAR
TXN-1562,2023-08-02,1000,Cash,2043.85,ZAR
TXN-1563,2023-02-10,4000,Revenue,1232.06,ZAR
TXN-1564,2023-07-29,4000,Revenue,1736.79,ZAR
TXN-1565,2023-09-22,4000,Revenue,300.09,ZAR
TXN-1566,2023-01-17,1000,Cash,472.86,ZAR
TXN-1567,2023-10-18,4000,Revenue,3645.84,ZAR
TXN-1568,2023-10-27,2000,Intercompany Payables,2832.57,ZAR
TXN-1569,2023-08-19,1000,Cash,127.86,ZAR
TXN-1570,2023-01-28,4000,Revenue,2692.66,ZAR
TXN-1571,2023-05-01,1000,Cash,1385.71,ZAR
TXN-1572,2023-09-07,1000,Cash,1086.52,ZAR
TXN-1573,2023-07-21,4000,Revenue,1275.96,ZAR
TXN-1574,2023-02-15,4000,Revenue,4988.34,ZAR
TXN-1575,2023-09-20,2000,Intercompany Payables,4591.66,ZAR
TXN-1576,2023-03-06,1000,Cash,4738.05,ZAR
TXN-1577,2023-10-25,2000,Intercompany Payables,1768.51,ZAR
TXN-1578,2023-05-30,4000,Revenue,3981.59,ZAR
TXN-1579,2023-09-23,4000,Revenue,648.18,ZAR
TXN-1580,2023-03-28,4000,Revenue,378.86,ZAR
TXN-1581,2023-02-17,1000,Cash,2812.37,ZAR
TXN-1582,2023-08-17,5000,Operating Expenses,891.7,ZAR
TXN-1583,2023-12-28,1000,Cash,4682.99,ZAR
TXN-1584,2023-08-17,5000,Operating Expenses,1148.47,ZAR
TXN-1585,2023-03-14,2000,Intercompany Payables,2457.43,ZAR
TXN-1586,2023-09-25,2000,Intercompany Payables,3559.72,ZAR
TXN-1587,2023-04-07,4000,Revenue,2274.45,ZAR
TXN-1588,2023-12-19,2000,Intercompany Payables,2458.69,ZAR
TXN-1589,2023-09-14,5000,Operating Expenses,4907.61,ZAR
TXN-1590,2023-03-11,2000,Intercompany Payables,364.27,ZAR
TXN-1591,2023-05-23,5000,Operating Expenses,685.85,ZAR
TXN-1592,2023-06-11,5000,Operating Expenses,3987.88,ZAR
TXN-1593,2023-11-22,5000,Operating Expenses,178.81,ZAR
TXN-1594,2023-04-15,1000,Cash,3210.52,ZAR
TXN-1595,2023-08-15,2000,Intercompany Payables,2375.35,ZAR
TXN-1596,2023-03-16,2000,Intercompany Payables,2891.12,ZAR
TXN-1597,2023-02-26,5000,Operating Expenses,384.58,ZAR
TXN-1598,2023-02-15,1000,Cash,1423.73,ZAR
TXN-1599,2023-09-12,1000,Cash,4892.08,ZAR
TXN-1600,2023-01-20,2000,Intercompany Payables,2144.12,ZAR
TXN-1601,2023-02-19,4000,Revenue,2960.57,ZAR
TXN-1602,2023-08-02,2000,Intercompany Payables,3819.56,ZAR
TXN-1603,2023-02-15,5000,Operating Expenses,1228.15,ZAR
TXN-1604,2023-12-30,2000,Intercompany Payables,2982.95,ZAR
TXN-1605,2023-10-31,2000,Intercompany Payables,1604.51,ZAR
TXN-1606,2023-01-29,2000,Intercompany Payables,2541.26,ZAR
TXN-1607,2023-10-07,4000,Revenue,4173.81,ZAR
TXN-1608,2023-04-28,5000,Operating Expenses,2838.18,ZAR
TXN-1609,2023-12-09,5000,Operating Expenses,3443.75,ZAR
TXN-1610,2023-01-05,4000,Revenue,1751.54,ZAR
TXN-1611,2023-05-17,4000,Revenue,2684.56,ZAR
TXN-1612,2023-05-08,1000,Cash,723.63,ZAR
TXN-1613,2023-08-04,5000,Operating Expenses,4484.62,ZAR
TXN-1614,2023-06-13,5000,Operating Expenses,4801.5,ZAR
TXN-1615,2023-01-12,1000,Cash,1702.3,ZAR
TXN-1616,2023-12-09,2000,Intercompany Payables,492.93,ZAR
TXN-1617,2023-10-29,2000,Intercompany Payables,2941.32,ZAR
TXN-1618,2023-01-07,5000,Operating Expenses,3967.54,ZAR
TXN-1619,2023-12-12,5000,Operating Expenses,2621.55,ZAR
TXN-1620,2023-03-05,4000,Revenue,2469.95,ZAR
TXN-1621,2023-10-19,2000,Intercompany Payables,1552.85,ZAR
TXN-1622,2023-12-12,2000,Intercompany Payables,1569.47,ZAR
TXN-1623,2023-10-29,1000,Cash,2068.99,ZAR
TXN-1624,2023-02-10,4000,Revenue,1917.04,ZAR
TXN-1625,2023-02-23,5000,Operating Expenses,4123.66,ZAR
TXN-1626,2023-09-26,5000,Operating Expenses,2630.1,ZAR
TXN-1627,2023-11-21,2000,Intercompany Payables,3146.68,ZAR
TXN-1628,2023-08-09,2000,Intercompany Payables,1099.84,ZAR
TXN-1629,2023-07-05,1000,Cash,2035.97,ZAR
TXN-1630,2023-11-15,5000,Operating Expenses,4880.06,ZAR
TXN-1631,2023-07-17,1000,Cash,4301.12,ZAR
TXN-1632,2023-04-06,4000,Revenue,4690.2,ZAR
TXN-1633,2023-09-03,5000,Operating Expenses,2518.45,ZAR
TXN-1634,2023-09-16,5000,Operating Expenses,162.37,ZAR
TXN-1635,2023-05-19,1000,Cash,899.74,ZAR
TXN-1636,2023-10-25,5000,Operating Expenses,2049.93,ZAR
TXN-1637,2023-12-17,1000,Cash,3972.71,ZAR
TXN-1638,2023-06-05,2000,Intercompany Payables,2985.69,ZAR
TXN-1639,2023-09-19,4000,Revenue,4985.94,ZAR
TXN-1640,2023-01-17,1000,Cash,4081.23,ZAR
TXN-1641,2023-01-17,2000,Intercompany Payables,3818.81,ZAR
TXN-1642,2023-05-01,2000,Intercompany Payables,4736.55,ZAR
TXN-1643,2023-06-18,4000,Revenue,2156.26,ZAR
TXN-1644,2023-12-18,2000,Intercompany Payables,2648.95,ZAR
TXN-1645,2023-06-23,1000,Cash,307.64,ZAR
TXN-1646,2023-09-29,4000,Revenue,3271.95,ZAR
TXN-1647,2023-09-12,2000,Intercompany Payables,2979.63,ZAR
TXN-1648,2023-08-20,5000,Operating Expenses,4429.11,ZAR
TXN-1649,2023-02-05,4000,Revenue,2357.87,ZAR
TXN-1650,2023-12-12,5000,Operating Expenses,700.26,ZAR
TXN-1651,2023-10-20,4000,Revenue,4151.75,ZAR
TXN-1652,2023-07-25,4000,Revenue,2661.69,ZAR
TXN-1653,2023-01-27,1000,Cash,4414.99,ZAR
TXN-1654,2023-05-28,5000,Operating Expenses,1028.8,ZAR
TXN-1655,2023-03-12,4000,Revenue,2363.42,ZAR
TXN-1656,2023-08-02,2000,Intercompany Payables,4293.08,ZAR
TXN-1657,2023-08-17,2000,Intercompany Payables,849.24,ZAR
TXN-1658,2023-12-01,1000,Cash,3298.53,ZAR
TXN-1659,2023-05-09,2000,Intercompany Payables,1619.51,ZAR
TXN-1660,2023-04-20,1000,Cash,2710.27,ZAR
TXN-1661,2023-04-25,1000,Cash,1313.47,ZAR
TXN-1662,2023-10-12,2000,Intercompany Payables,3837.71,ZAR
TXN-1663,2023-06-28,1000,Cash,3717.27,ZAR
TXN-1664,2023-10-17,5000,Operating Expenses,3421.92,ZAR
TXN-1665,2023-01-20,4000,Revenue,638.79,ZAR
TXN-1666,2023-02-05,2000,Intercompany Payables,1495.44,ZAR
TXN-1667,2023-03-02,5000,Operating Expenses,2169.57,ZAR
TXN-1668,2023-05-01,1000,Cash,1205.84,ZAR
TXN-1669,2023-12-13,5000,Operating Expenses,2824.33,ZAR
TXN-1670,2023-09-11,2000,Intercompany Payables,4954.23,ZAR
TXN-1671,2023-04-05,5000,Operating Expenses,3648.6,ZAR
TXN-1672,2023-12-09,5000,Operating Expenses,3327.14,ZAR
TXN-1673,2023-09-19,4000,Revenue,422.03,ZAR
TXN-1674,2023-05-27,2000,Intercompany Payables,3617.52,ZAR
TXN-1675,2023-10-11,1000,Cash,1684.41,ZAR
TXN-1676,2023-07-17,1000,Cash,273.03,ZAR
TXN-1677,2023-09-22,5000,Operating Expenses,1561.59,ZAR
TXN-1678,2023-03-17,2000,Intercompany Payables,3770.84,ZAR
TXN-1679,2023-12-25,2000,Intercompany Payables,3397.88,ZAR
TXN-1680,2023-11-16,5000,Operating Expenses,2611.06,ZAR
TXN-1681,2023-12-21,2000,Intercompany Payables,3824.33,ZAR
TXN-1682,2023-04-02,2000,Intercompany Payables,661.49,ZAR
TXN-1683,2023-05-11,2000,Intercompany Payables,3787.36,ZAR
TXN-1684,2023-11-29,4000,Revenue,2735.47,ZAR
TXN-1685,2023-05-03,5000,Operating Expenses,2651.27,ZAR
TXN-1686,2023-04-14,2000,Intercompany Payables,3596.15,ZAR
TXN-1687,2023-10-22,4000,Revenue,529.62,ZAR
TXN-1688,2023-05-30,5000,Operating Expenses,4645.39,ZAR
TXN-1689,2023-07-27,1000,Cash,208.61,ZAR
TXN-1690,2023-10-09,1000,Cash,3658.67,ZAR
TXN-1691,2023-10-23,5000,Operating Expenses,2163.55,ZAR
TXN-1692,2023-11-15,4000,Revenue,4547.52,ZAR
TXN-1693,2023-06-18,4000,Revenue,3830.26,ZAR
TXN-1694,2023-09-01,1000,Cash,2288.76,ZAR
TXN-1695,2023-05-28,1000,Cash,1841.83,ZAR
TXN-1696,2023-07-27,1000,Cash,4139.48,ZAR
TXN-1697,2023-07-31,4000,Revenue,3452.92,ZAR
TXN-1698,2023-09-13,4000,Revenue,2408.46,ZAR
TXN-1699,2023-01-12,5000,Operating Expenses,985.85,ZAR
TXN-1700,2023-03-02,4000,Revenue,102.09,ZAR
TXN-1701,2023-12-28,1000,Cash,3177.81,ZAR
TXN-1702,2023-10-15,5000,Operating Expenses,3409.47,ZAR
TXN-1703,2023-09-10,5000,Operating Expenses,1936.58,ZAR
TXN-1704,2023-03-25,4000,Revenue,2993.14,ZAR
TXN-1705,2023-09-02,2000,Intercompany Payables,492.34,ZAR
TXN-1706,2023-06-10,2000,Intercompany Payables,1312.18,ZAR
TXN-1707,2023-08-18,4000,Revenue,4156.69,ZAR
TXN-1708,2023-08-03,1000,Cash,3116.17,ZAR
TXN-1709,2023-03-24,2000,Intercompany Payables,2548.84,ZAR
TXN-1710,2023-11-23,4000,Revenue,2201.44,ZAR
TXN-1711,2023-08-18,1000,Cash,3308.6,ZAR
TXN-1712,2023-07-22,4000,Revenue,1457.49,ZAR
TXN-1713,2023-01-06,2000,Intercompany Payables,2107.08,ZAR
TXN-1714,2023-09-11,1000,Cash,3658.56,ZAR
TXN-1715,2023-08-03,2000,Intercompany Payables,2895.09,ZAR
TXN-1716,2023-11-06,1000,Cash,2450.31,ZAR
TXN-1717,2023-02-16,1000,Cash,814.81,ZAR
TXN-1718,2023-02-11,5000,Operating Expenses,3709.32,ZAR
TXN-1719,2023-10-18,1000,Cash,1567.59,ZAR
TXN-1720,2023-06-12,2000,Intercompany Payables,4786.38,ZAR
TXN-1721,2023-10-06,2000,Intercompany Payables,4588.86,ZAR
TXN-1722,2023-04-16,5000,Operating Expenses,4828.86,ZAR
TXN-1723,2023-12-10,1000,Cash,4530.67,ZAR
TXN-1724,2023-11-30,1000,Cash,4886.66,ZAR
TXN-1725,2023-03-03,5000,Operating Expenses,550.91,ZAR
TXN-1726,2023-02-16,1000,Cash,3394.25,ZAR
TXN-1727,2023-09-16,2000,Intercompany Payables,2967.35,ZAR
TXN-1728,2023-01-26,5000,Operating Expenses,2191.56,ZAR
TXN-1729,2023-05-26,4000,Revenue,1846.55,ZAR
TXN-1730,2023-06-26,2000,Intercompany Payables,2044.47,ZAR
TXN-1731,2023-03-10,4000,Revenue,1800.37,ZAR
TXN-1732,2023-05-23,1000,Cash,488.6,ZAR
TXN-1733,2023-02-18,4000,Revenue,3037.04,ZAR
TXN-1734,2023-05-13,2000,Intercompany Payables,1840.16,ZAR
TXN-1735,2023-03-10,4000,Revenue,3642.61,ZAR
TXN-1736,2023-08-01,4000,Revenue,1765.2,ZAR
TXN-1737,2023-01-04,1000,Cash,254.26,ZAR
TXN-1738,2023-03-17,2000,Intercompany Payables,4578.18,ZAR
TXN-1739,2023-09-30,1000,Cash,3477.12,ZAR
TXN-1740,2023-07-14,1000,Cash,1578.76,ZAR
TXN-1741,2023-12-25,4000,Revenue,2024.1,ZAR
TXN-1742,2023-04-22,1000,Cash,3762.67,ZAR
TXN-1743,2023-09-30,1000,Cash,1424.18,ZAR
TXN-1744,2023-11-25,5000,Operating Expenses,4360.45,ZAR
TXN-1745,2023-02-08,5000,Operating Expenses,799.75,ZAR
TXN-1746,2023-11-27,5000,Operating Expenses,2284.21,ZAR
TXN-1747,2023-06-26,2000,Intercompany Payables,495.21,ZAR
TXN-1748,2023-09-29,1000,Cash,1481.95,ZAR
TXN-1749,2023-10-11,4000,Revenue,4482.02,ZAR
TXN-1750,2023-12-04,2000,Intercompany Payables,220.86,ZAR
TXN-1751,2023-07-12,2000,Intercompany Payables,1657.77,ZAR
TXN-1752,2023-04-24,5000,Operating Expenses,3018.49,ZAR
TXN-1753,2023-06-27,4000,Revenue,1327.9,ZAR
TXN-1754,2023-05-21,2000,Intercompany Payables,3049.02,ZAR
TXN-1755,2023-08-12,1000,Cash,480.52,ZAR
TXN-1756,2023-04-11,5000,Operating Expenses,2599.12,ZAR
TXN-1757,2023-09-14,2000,Intercompany Payables,3868.93,ZAR
TXN-1758,2023-11-23,5000,Operating Expenses,2108.5,ZAR
TXN-1759,2023-09-10,1000,Cash,3690.87,ZAR
TXN-1760,2023-05-08,5000,Operating Expenses,1306.68,ZAR
TXN-1761,2023-08-26,2000,Intercompany Payables,2445.79,ZAR
TXN-1762,2023-05-22,1000,Cash,4875.49,ZAR
TXN-1763,2023-12-29,5000,Operating Expenses,3939.02,ZAR
TXN-1764,2023-11-13,1000,Cash,2275.57,ZAR
TXN-1765,2023-07-23,5000,Operating Expenses,786.31,ZAR
TXN-1766,2023-01-19,1000,Cash,2449.77,ZAR
TXN-1767,2023-07-08,1000,Cash,4099.48,ZAR
TXN-1768,2023-05-02,1000,Cash,2046.96,ZAR
TXN-1769,2023-08-22,2000,Intercompany Payables,2086.21,ZAR
TXN-1770,2023-05-25,1000,Cash,2737.26,ZAR
TXN-1771,2023-11-18,4000,Revenue,2941.34,ZAR
TXN-1772,2023-08-04,2000,Intercompany Payables,4919.03,ZAR
TXN-1773,2023-12-25,5000,Operating Expenses,3386.44,ZAR
TXN-1774,2023-08-23,4000,Revenue,440.63,ZAR
TXN-1775,2023-11-24,1000,Cash,3224.49,ZAR
TXN-1776,2023-07-06,2000,Intercompany Payables,2078.36,ZAR
TXN-1777,2023-12-15,2000,Intercompany Payables,2514.87,ZAR
TXN-1778,2023-08-22,5000,Operating Expenses,2866.84,ZAR
TXN-1779,2023-09-25,1000,Cash,546.98,ZAR
TXN-1780,2023-01-01,4000,Revenue,898.08,ZAR
TXN-1781,2023-08-30,1000,Cash,2914.56,ZAR
TXN-1782,2023-03-28,1000,Cash,1920.34,ZAR
TXN-1783,2023-01-11,5000,Operating Expenses,2284.07,ZAR
TXN-1784,2023-08-11,2000,Intercompany Payables,2851.37,ZAR
TXN-1785,2023-12-21,5000,Operating Expenses,1806.02,ZAR
TXN-1786,2023-09-23,1000,Cash,4550.94,ZAR
TXN-1787,2023-11-02,2000,Intercompany Payables,1112.55,ZAR
TXN-1788,2023-03-23,5000,Operating Expenses,1656.92,ZAR
TXN-1789,2023-08-24,4000,Revenue,4888.49,ZAR
TXN-1790,2023-10-03,5000,Operating Expenses,726.34,ZAR
TXN-1791,2023-01-28,1000,Cash,2032.62,ZAR
TXN-1792,2023-06-23,4000,Revenue,3538.54,ZAR
TXN-1793,2023-09-09,1000,Cash,1270.72,ZAR
TXN-1794,2023-08-28,5000,Operating Expenses,2386.57,ZAR
TXN-1795,2023-01-10,5000,Operating Expenses,425.08,ZAR
TXN-1796,2023-12-11,2000,Intercompany Payables,3517.83,ZAR
TXN-1797,2023-01-26,4000,Revenue,3875.49,ZAR
TXN-1798,2023-12-12,1000,Cash,827.29,ZAR
TXN-1799,2023-03-25,4000,Revenue,1285.08,ZAR
TXN-1800,2023-07-09,2000,Intercompany Payables,1441.07,ZAR
TXN-1801,2023-01-04,2000,Intercompany Payables,690.9,ZAR
TXN-1802,2023-04-26,5000,Operating Expenses,2188.0,ZAR
TXN-1803,2023-01-08,2000,Intercompany Payables,765.47,ZAR
TXN-1804,2023-01-24,2000,Intercompany Payables,1716.91,ZAR
TXN-1805,2023-04-23,1000,Cash,3433.16,ZAR
TXN-1806,2023-03-03,5000,Operating Expenses,4994.14,ZAR
TXN-1807,2023-04-07,5000,Operating Expenses,1301.39,ZAR
TXN-1808,2023-04-06,1000,Cash,2474.11,ZAR
TXN-1809,2023-10-30,4000,Revenue,2446.16,ZAR
TXN-1810,2023-01-21,1000,Cash,3090.18,ZAR
TXN-1811,2023-07-26,2000,Intercompany Payables,502.59,ZAR
TXN-1812,2023-06-01,4000,Revenue,3760.31,ZAR
TXN-1813,2023-08-29,4000,Revenue,4665.33,ZAR
TXN-1814,2023-09-07,2000,Intercompany Payables,4281.96,ZAR
TXN-1815,2023-11-27,5000,Operating Expenses,4299.33,ZAR
TXN-1816,2023-09-17,4000,Revenue,4912.14,ZAR
TXN-1817,2023-10-13,4000,Revenue,108.52,ZAR
TXN-1818,2023-03-11,4000,Revenue,1316.22,ZAR
TXN-1819,2023-08-22,1000,Cash,581.07,ZAR
TXN-1820,2023-06-22,1000,Cash,3513.58,ZAR
TXN-1821,2023-11-28,4000,Revenue,4089.11,ZAR
TXN-1822,2023-05-04,4000,Revenue,547.65,ZAR
TXN-1823,2023-03-04,4000,Revenue,810.9,ZAR
TXN-1824,2023-02-01,1000,Cash,4174.1,ZAR
TXN-1825,2023-11-16,1000,Cash,111.63,ZAR
TXN-1826,2023-12-16,2000,Intercompany Payables,951.93,ZAR
TXN-1827,2023-08-22,4000,Revenue,4013.69,ZAR
TXN-1828,2023-02-27,5000,Operating Expenses,1570.89,ZAR
TXN-1829,2023-11-18,4000,Revenue,4058.76,ZAR
TXN-1830,2023-02-18,2000,Intercompany Payables,148.03,ZAR
TXN-1831,2023-12-11,1000,Cash,894.06,ZAR
TXN-1832,2023-06-25,4000,Revenue,3523.73,ZAR
TXN-1833,2023-04-23,2000,Intercompany Payables,1360.84,ZAR
TXN-1834,2023-04-23,5000,Operating Expenses,3207.93,ZAR
TXN-1835,2023-08-24,2000,Intercompany Payables,120.69,ZAR
TXN-1836,2023-08-30,4000,Revenue,946.96,ZAR
TXN-1837,2023-12-06,5000,Operating Expenses,2377.98,ZAR
TXN-1838,2023-12-23,5000,Operating Expenses,272.14,ZAR
TXN-1839,2023-09-13,5000,Operating Expenses,1816.21,ZAR
TXN-1840,2023-02-17,2000,Intercompany Payables,2272.02,ZAR
TXN-1841,2023-04-08,4000,Revenue,4293.25,ZAR
TXN-1842,2023-09-11,5000,Operating Expenses,2782.9,ZAR
TXN-1843,2023-05-18,4000,Revenue,3761.08,ZAR
TXN-1844,2023-04-06,5000,Operating Expenses,1337.66,ZAR
TXN-1845,2023-04-04,2000,Intercompany Payables,1042.28,ZAR
TXN-1846,2023-12-07,2000,Intercompany Payables,3689.65,ZAR
TXN-1847,2023-10-10,5000,Operating Expenses,238.77,ZAR
TXN-1848,2023-05-09,1000,Cash,1278.77,ZAR
TXN-1849,2023-12-01,1000,Cash,2390.57,ZAR
TXN-1850,2023-06-06,4000,Revenue,2848.7,ZAR
TXN-1851,2023-09-13,4000,Revenue,3558.05,ZAR
TXN-1852,2023-07-30,5000,Operating Expenses,1194.65,ZAR
TXN-1853,2023-05-14,5000,Operating Expenses,222.76,ZAR
TXN-1854,2023-07-23,2000,Intercompany Payables,480.52,ZAR
TXN-1855,2023-12-12,4000,Revenue,4458.09,ZAR
TXN-1856,2023-05-17,4000,Revenue,3641.76,ZAR
TXN-1857,2023-02-04,4000,Revenue,4447.63,ZAR
TXN-1858,2023-04-21,4000,Revenue,4709.34,ZAR
TXN-1859,2023-10-21,5000,Operating Expenses,249.54,ZAR
TXN-1860,2023-03-04,5000,Operating Expenses,1241.24,ZAR
TXN-1861,2023-05-18,2000,Intercompany Payables,4497.08,ZAR
TXN-1862,2023-11-01,1000,Cash,4808.11,ZAR
TXN-1863,2023-08-31,1000,Cash,4869.88,ZAR
TXN-1864,2023-03-31,4000,Revenue,1138.88,ZAR
TXN-1865,2023-09-26,1000,Cash,4327.76,ZAR
TXN-1866,2023-05-14,5000,Operating Expenses,528.74,ZAR
TXN-1867,2023-06-19,4000,Revenue,3187.51,ZAR
TXN-1868,2023-09-16,2000,Intercompany Payables,1954.75,ZAR
TXN-1869,2023-01-19,1000,Cash,2913.14,ZAR
TXN-1870,2023-06-29,5000,Operating Expenses,541.91,ZAR
TXN-1871,2023-02-16,1000,Cash,3270.22,ZAR
TXN-1872,2023-06-08,2000,Intercompany Payables,887.62,ZAR
TXN-1873,2023-06-05,2000,Intercompany Payables,1781.91,ZAR
TXN-1874,2023-01-01,4000,Revenue,4997.59,ZAR
TXN-1875,2023-05-30,2000,Intercompany Payables,721.8,ZAR
TXN-1876,2023-02-01,1000,Cash,2392.77,ZAR
TXN-1877,2023-04-22,4000,Revenue,4284.1,ZAR
TXN-1878,2023-03-16,1000,Cash,2732.09,ZAR
TXN-1879,2023-06-03,4000,Revenue,4948.87,ZAR
TXN-1880,2023-07-07,1000,Cash,3905.83,ZAR
TXN-1881,2023-04-27,1000,Cash,4049.32,ZAR
TXN-1882,2023-04-20,1000,Cash,1977.82,ZAR
TXN-1883,2023-05-18,5000,Operating Expenses,3948.83,ZAR
TXN-1884,2023-07-07,5000,Operating Expenses,3025.74,ZAR
TXN-1885,2023-10-23,4000,Revenue,1503.63,ZAR
TXN-1886,2023-03-22,1000,Cash,1974.98,ZAR
TXN-1887,2023-04-20,1000,Cash,2367.83,ZAR
TXN-1888,2023-07-10,5000,Operating Expenses,3103.43,ZAR
TXN-1889,2023-10-17,5000,Operating Expenses,220.06,ZAR
TXN-1890,2023-02-23,5000,Operating Expenses,2891.95,ZAR
TXN-1891,2023-02-21,1000,Cash,2562.9,ZAR
TXN-1892,2023-05-05,5000,Operating Expenses,2622.74,ZAR
TXN-1893,2023-11-10,4000,Revenue,4356.25,ZAR
TXN-1894,2023-01-04,5000,Operating Expenses,1190.05,ZAR
TXN-1895,2023-08-03,2000,Intercompany Payables,4338.55,ZAR
TXN-1896,2023-06-15,2000,Intercompany Payables,1810.74,ZAR
TXN-1897,2023-09-06,1000,Cash,3389.39,ZAR
TXN-1898,2023-05-10,5000,Operating Expenses,3664.94,ZAR
TXN-1899,2023-02-18,5000,Operating Expenses,2606.07,ZAR
TXN-1900,2023-12-10,5000,Operating Expenses,4528.83,ZAR
TXN-1901,2023-09-17,5000,Operating Expenses,3411.74,ZAR
TXN-1902,2023-01-26,1000,Cash,980.86,ZAR
TXN-1903,2023-09-02,4000,Revenue,4063.58,ZAR
TXN-1904,2023-01-27,5000,Operating Expenses,2284.41,ZAR
TXN-1905,2023-08-11,1000,Cash,3544.38,ZAR
TXN-1906,2023-03-24,4000,Revenue,3523.29,ZAR
TXN-1907,2023-01-07,1000,Cash,3418.29,ZAR
TXN-1908,2023-12-16,1000,Cash,640.14,ZAR
TXN-1909,2023-05-19,4000,Revenue,2100.75,ZAR
TXN-1910,2023-06-26,1000,Cash,1988.47,ZAR
TXN-1911,2023-08-03,5000,Operating Expenses,1489.7,ZAR
TXN-1912,2023-06-07,5000,Operating Expenses,1120.72,ZAR
TXN-1913,2023-06-24,2000,Intercompany Payables,701.51,ZAR
TXN-1914,2023-01-29,1000,Cash,4787.95,ZAR
TXN-1915,2023-07-11,5000,Operating Expenses,153.41,ZAR
TXN-1916,2023-12-21,2000,Intercompany Payables,532.14,ZAR
TXN-1917,2023-07-04,4000,Revenue,2711.27,ZAR
TXN-1918,2023-07-22,4000,Revenue,3800.46,ZAR
TXN-1919,2023-10-13,5000,Operating Expenses,4179.53,ZAR
TXN-1920,2023-04-04,4000,Revenue,461.45,ZAR
TXN-1921,2023-04-18,1000,Cash,2308.07,ZAR
TXN-1922,2023-08-08,2000,Intercompany Payables,3467.24,ZAR
TXN-1923,2023-05-22,5000,Operating Expenses,3810.72,ZAR
TXN-1924,2023-01-03,2000,Intercompany Payables,3004.49,ZAR
TXN-1925,2023-12-15,5000,Operating Expenses,2307.1,ZAR
TXN-1926,2023-04-30,1000,Cash,1185.24,ZAR
TXN-1927,2023-10-13,4000,Revenue,3259.65,ZAR
TXN-1928,2023-07-31,2000,Intercompany Payables,3386.74,ZAR
TXN-1929,2023-03-07,5000,Operating Expenses,2694.24,ZAR
TXN-1930,2023-08-25,4000,Revenue,3764.2,ZAR
TXN-1931,2023-12-23,4000,Revenue,3853.91,ZAR
TXN-1932,2023-03-07,5000,Operating Expenses,3706.67,ZAR
TXN-1933,2023-02-03,1000,Cash,3267.68,ZAR
TXN-1934,2023-12-06,4000,Revenue,2651.51,ZAR
TXN-1935,2023-12-06,4000,Revenue,4180.26,ZAR
TXN-1936,2023-08-22,2000,Intercompany Payables,4628.53,ZAR
TXN-1937,2023-07-13,5000,Operating Expenses,156.12,ZAR
TXN-1938,2023-07-24,2000,Intercompany Payables,1250.09,ZAR
TXN-1939,2023-12-08,1000,Cash,2927.06,ZAR
TXN-1940,2023-07-23,1000,Cash,2564.81,ZAR
TXN-1941,2023-11-07,5000,Operating Expenses,3558.88,ZAR
TXN-1942,2023-11-08,5000,Operating Expenses,678.65,ZAR
TXN-1943,2023-09-07,4000,Revenue,2919.03,ZAR
TXN-1944,2023-09-15,5000,Operating Expenses,3385.8,ZAR
TXN-1945,2023-01-25,4000,Revenue,3146.73,ZAR
TXN-1946,2023-06-29,1000,Cash,3980.13,ZAR
TXN-1947,2023-06-23,1000,Cash,530.0,ZAR
TXN-1948,2023-09-26,5000,Operating Expenses,771.6,ZAR
TXN-1949,2023-12-08,5000,Operating Expenses,1910.08,ZAR
TXN-1950,2023-07-13,2000,Intercompany Payables,4075.48,ZAR
TXN-1951,2023-05-31,1000,Cash,332.89,ZAR
TXN-1952,2023-06-15,5000,Operating Expenses,2521.44,ZAR
TXN-1953,2023-06-23,1000,Cash,4797.75,ZAR
TXN-1954,2023-10-28,2000,Intercompany Payables,3145.28,ZAR
TXN-1955,2023-12-31,5000,Operating Expenses,2602.89,ZAR
TXN-1956,2023-03-23,2000,Intercompany Payables,3115.87,ZAR
TXN-1957,2023-01-29,4000,Revenue,1226.06,ZAR
TXN-1958,2023-10-13,4000,Revenue,3347.13,ZAR
TXN-1959,2023-03-05,2000,Intercompany Payables,1349.69,ZAR
TXN-1960,2023-03-07,2000,Intercompany Payables,1487.95,ZAR
TXN-1961,2023-08-24,5000,Operating Expenses,859.32,ZAR
TXN-1962,2023-09-09,1000,Cash,1122.1,ZAR
TXN-1963,2023-03-27,5000,Operating Expenses,4496.74,ZAR
TXN-1964,2023-03-06,4000,Revenue,2514.73,ZAR
TXN-1965,2023-10-02,2000,Intercompany Payables,4563.56,ZAR
TXN-1966,2023-04-22,5000,Operating Expenses,4625.8,ZAR
TXN-1967,2023-05-05,2000,Intercompany Payables,2882.84,ZAR
TXN-1968,2023-09-03,4000,Revenue,316.63,ZAR
TXN-1969,2023-10-18,5000,Operating Expenses,1655.03,ZAR
TXN-1970,2023-04-04,5000,Operating Expenses,1001.19,ZAR
TXN-1971,2023-06-03,5000,Operating Expenses,3263.64,ZAR
TXN-1972,2023-10-07,2000,Intercompany Payables,2512.87,ZAR
TXN-1973,2023-12-18,5000,Operating Expenses,2579.94,ZAR
TXN-1974,2023-12-31,2000,Intercompany Payables,3928.11,ZAR
TXN-1975,2023-06-16,2000,Intercompany Payables,1403.11,ZAR
TXN-1976,2023-01-30,5000,Operating Expenses,4616.12,ZAR
TXN-1977,2023-10-10,2000,Intercompany Payables,3446.39,ZAR
TXN-1978,2023-02-24,4000,Revenue,3385.7,ZAR
TXN-1979,2023-05-27,1000,Cash,1511.87,ZAR
TXN-1980,2023-12-23,1000,Cash,1802.75,ZAR
TXN-1981,2023-09-13,1000,Cash,4193.24,ZAR
TXN-1982,2023-08-10,4000,Revenue,1514.06,ZAR
TXN-1983,2023-09-23,4000,Revenue,1544.28,ZAR
TXN-1984,2023-01-30,5000,Operating Expenses,3435.59,ZAR
TXN-1985,2023-08-05,4000,Revenue,3702.74,ZAR
TXN-1986,2023-01-12,2000,Intercompany Payables,3289.63,ZAR
TXN-1987,2023-01-11,5000,Operating Expenses,1886.46,ZAR
TXN-1988,2023-10-08,4000,Revenue,4434.84,ZAR
TXN-1989,2023-10-03,1000,Cash,4060.46,ZAR
TXN-1990,2023-12-04,4000,Revenue,2758.73,ZAR
TXN-1991,2023-06-25,1000,Cash,188.34,ZAR
TXN-1992,2023-08-06,4000,Revenue,1319.31,ZAR
TXN-1993,2023-04-20,1000,Cash,1855.87,ZAR
TXN-1994,2023-06-03,1000,Cash,862.56,ZAR
TXN-1995,2023-05-31,5000,Operating Expenses,166.8,ZAR
TXN-1996,2023-01-01,5000,Operating Expenses,687.59,ZAR
TXN-1997,2023-07-18,1000,Cash,1407.18,ZAR
TXN-1998,2023-12-29,1000,Cash,3685.1,ZAR
TXN-1999,2023-07-03,2000,Intercompany Payables,3693.36,ZAR
