txn_id,date,account_code,account_name,amount,currency,control_status
TXN-1000,2023-08-06,5000,Operating Expenses,436.59,ZAR,PASS
TXN-1001,2023-02-05,5000,Operating Expenses,387.53,ZAR,PASS
TXN-1002,2023-07-26,2000,Intercompany Payables,4562.89,ZAR,PASS
TXN-1003,2023-05-16,5000,Operating Expenses,3541.09,ZAR,PASS
TXN-1004,2023-10-08,4000,Revenue,4848.17,ZAR,PASS
TXN-1005,2023-01-04,4000,Revenue,4780.82,ZAR,PASS
TXN-1006,2023-09-17,4000,Revenue,1895.27,ZAR,PASS
TXN-1007,2023-11-17,2000,Intercompany Payables,3117.32,ZAR,PASS
TXN-1008,2023-12-02,1000,Cash,1216.71,ZAR,PASS
TXN-1009,2023-12-04,4000,Revenue,2322.24,ZAR,PASS
TXN-1010,2023-01-14,1000,Cash,938.02,ZAR,PASS
TXN-1011,2023-12-29,1000,Cash,1317.82,ZAR,PASS
TXN-1012,2023-04-26,1000,Cash,1806.52,ZAR,PASS
TXN-1013,2023-05-05,2000,Intercompany Payables,2822.2,ZAR,PASS
TXN-1014,2023-08-12,5000,Operating Expenses,1662.91,ZAR,PASS
TXN-1015,2023-11-17,1000,Cash,1496.09,ZAR,PASS
TXN-1016,2023-01-13,1000,Cash,4797.14,ZAR,PASS
TXN-1017,2023-12-19,2000,Intercompany Payables,3714.33,ZAR,PASS
TXN-1018,2023-11-21,5000,Operating Expenses,2822.14,ZAR,PASS
TXN-1019,2023-08-03,2000,Intercompany Payables,1631.29,ZAR,PASS
TXN-1020,2023-08-14,4000,Revenue,3526.61,ZAR,PASS
TXN-1021,2023-09-01,4000,Revenue,4586.66,ZAR,PASS
TXN-1022,2023-08-20,5000,Operating Expenses,2849.07,ZAR,PASS
TXN-1023,2023-02-27,4000,Revenue,3068.96,ZAR,PASS
TXN-1024,2023-09-15,4000,Revenue,3093.5,ZAR,PASS
TXN-1025,2023-09-13,2000,Intercompany Payables,182.86,ZAR,PASS
TXN-1026,2023-04-29,2000,Intercompany Payables,4323.3,ZAR,PASS
TXN-1027,2023-01-31,4000,Revenue,4230.53,ZAR,PASS
TXN-1028,2023-01-22,2000,Intercompany Payables,2987.7,ZAR,PASS
TXN-1029,2023-07-18,2000,Intercompany Payables,483.41,ZAR,PASS
TXN-1030,2023-04-27,1000,Cash,4194.0,ZAR,PASS
TXN-1031,2023-06-18,5000,Operating Expenses,4383.65,ZAR,PASS
TXN-1032,2023-10-16,2000,Intercompany Payables,2933.46,ZAR,PASS
TXN-1033,2023-07-12,5000,Operating Expenses,2883.74,ZAR,PASS
TXN-1034,2023-06-11,5000,Operating Expenses,2013.54,ZAR,PASS
TXN-1035,2023-07-20,2000,Intercompany Payables,435.85,ZAR,PASS
TXN-1036,2023-07-02,2000,Intercompany Payables,3372.58,ZAR,PASS
TXN-1037,2023-02-23,2000,Intercompany Payables,272.44,ZAR,PASS
TXN-1038,2023-01-08,1000,Cash,4346.37,ZAR,PASS
TXN-1039,2023-03-28,4000,Revenue,3976.31,ZAR,PASS
TXN-1040,2023-10-28,4000,Revenue,813.13,ZAR,PASS
TXN-1041,2023-01-31,4000,Revenue,960.64,ZAR,PASS
TXN-1042,2023-08-03,2000,Intercompany Payables,1992.48,ZAR,PASS
TXN-1043,2023-09-22,2000,Intercompany Payables,218.62,ZAR,PASS
TXN-1044,2023-07-16,5000,Operating Expenses,2904.55,ZAR,PASS
TXN-1045,2023-11-14,1000,Cash,4960.69,ZAR,PASS
TXN-1046,2023-12-13,1000,Cash,1413.8,ZAR,PASS
TXN-1047,2023-05-07,5000,Operating Expenses,1236.49,ZAR,PASS
TXN-1048,2023-03-13,4000,Revenue,1953.18,ZAR,PASS
TXN-1049,2023-08-23,2000,Intercompany Payables,1792.15,ZAR,PASS
TXN-1050,2023-04-18,5000,Operating Expenses,2529.95,ZAR,PASS
TXN-1051,2023-02-24,1000,Cash,4055.61,ZAR,PASS
TXN-1052,2023-09-13,1000,Cash,1588.24,ZAR,PASS
TXN-1053,2023-07-30,2000,Intercompany Payables,4442.36,ZAR,PASS
TXN-1054,2023-07-24,1000,Cash,313.36,ZAR,PASS
TXN-1055,2023-03-15,4000,Revenue,2883.51,ZAR,PASS
TXN-1056,2023-07-18,5000,Operating Expenses,1422.19,ZAR,PASS
TXN-1057,2023-04-02,4000,Revenue,769.51,ZAR,PASS
TXN-1058,2023-08-12,4000,Revenue,4453.73,ZAR,PASS
TXN-1059,2023-03-27,1000,Cash,460.81,ZAR,PASS
TXN-1060,2023-02-12,1000,Cash,2842.09,ZAR,PASS
TXN-1061,2023-04-22,4000,Revenue,1312.95,ZAR,PASS
TXN-1062,2023-01-08,5000,Operating Expenses,2626.33,ZAR,PASS
TXN-1063,2023-06-17,1000,Cash,3015.57,ZAR,PASS
TXN-1064,2023-02-02,1000,Cash,1413.07,ZAR,PASS
TXN-1065,2023-03-30,5000,Operating Expenses,1768.07,ZAR,PASS
TXN-1066,2023-08-27,5000,Operating Expenses,3834.71,ZAR,PASS
TXN-1067,2023-05-17,4000,Revenue,183.08,ZAR,PASS
TXN-1068,2023-12-28,5000,Operating Expenses,1199.86,ZAR,PASS
TXN-1069,2023-12-04,4000,Revenue,4974.69,ZAR,PASS
TXN-1070,2023-07-12,1000,Cash,2252.33,ZAR,PASS
TXN-1071,2023-08-29,5000,Operating Expenses,454.04,ZAR,PASS
TXN-1072,2023-05-09,2000,Intercompany Payables,3263.38,ZAR,PASS
TXN-1073,2023-05-06,4000,Revenue,2615.33,ZAR,PASS
TXN-1074,2023-12-25,4000,Revenue,659.15,ZAR,PASS
TXN-1075,2023-06-16,4000,Revenue,2116.05,ZAR,PASS
TXN-1076,2023-06-25,5000,Operating Expenses,3435.4,ZAR,PASS
TXN-1077,2023-11-20,4000,Revenue,4202.78,ZAR,PASS
TXN-1078,2023-09-05,4000,Revenue,779.35,ZAR,PASS
TXN-1079,2023-04-26,1000,Cash,1092.21,ZAR,PASS
TXN-1080,2023-01-03,2000,Intercompany Payables,680.02,ZAR,PASS
TXN-1081,2023-11-23,4000,Revenue,4512.47,ZAR,PASS
TXN-1082,2023-03-04,4000,Revenue,722.03,ZAR,PASS
TXN-1083,2023-03-24,2000,Intercompany Payables,1567.07,ZAR,PASS
TXN-1084,2023-11-30,1000,Cash,2157.92,ZAR,PASS
TXN-1085,2023-08-14,5000,Operating Expenses,205.07,ZAR,PASS
TXN-1086,2023-10-29,1000,Cash,3939.66,ZAR,PASS
TXN-1087,2023-11-22,2000,Intercompany Payables,3782.0,ZAR,PASS
TXN-1088,2023-05-16,5000,Operating Expenses,470.5,ZAR,PASS
TXN-1089,2023-08-17,1000,Cash,2015.56,ZAR,PASS
TXN-1090,2023-09-21,5000,Operating Expenses,808.57,ZAR,PASS
TXN-1091,2023-04-18,4000,Revenue,4505.37,ZAR,PASS
TXN-1092,2023-06-17,4000,Revenue,854.53,ZAR,PASS
TXN-1093,2023-01-17,2000,Intercompany Payables,2943.2,ZAR,PASS
TXN-1094,2023-05-25,1000,Cash,4901.39,ZAR,PASS
TXN-1095,2023-08-07,4000,Revenue,4758.1,ZAR,PASS
TXN-1096,2023-04-30,4000,Revenue,1604.99,ZAR,PASS
TXN-1097,2023-07-21,1000,Cash,2168.07,ZAR,PASS
TXN-1098,2023-02-11,4000,Revenue,1667.27,ZAR,PASS
TXN-1099,2023-08-22,5000,Operating Expenses,2017.0,ZAR,PASS
TXN-1100,2023-09-18,1000,Cash,2519.82,ZAR,PASS
TXN-1101,2023-06-05,1000,Cash,569.18,ZAR,PASS
TXN-1102,2023-03-01,1000,Cash,2547.43,ZAR,PASS
TXN-1103,2023-05-14,5000,Operating Expenses,3477.71,ZAR,PASS
TXN-1104,2023-09-09,1000,Cash,1067.83,ZAR,PASS
TXN-1105,2023-05-23,5000,Operating Expenses,2591.57,ZAR,PASS
TXN-1106,2023-03-23,2000,Intercompany Payables,3391.64,ZAR,PASS
TXN-1107,2023-12-23,1000,Cash,1896.39,ZAR,PASS
TXN-1108,2023-08-20,4000,Revenue,734.44,ZAR,PASS
TXN-1109,2023-07-28,4000,Revenue,4920.94,ZAR,PASS
TXN-1110,2023-01-07,4000,Revenue,3755.79,ZAR,PASS
TXN-1111,2023-02-02,2000,Intercompany Payables,4359.05,ZAR,PASS
TXN-1112,2023-03-28,2000,Intercompany Payables,4681.93,ZAR,PASS
TXN-1113,2023-08-19,1000,Cash,3138.73,ZAR,PASS
TXN-1114,2023-01-18,5000,Operating Expenses,3403.8,ZAR,PASS
TXN-1115,2023-01-02,2000,Intercompany Payables,390.55,ZAR,PASS
TXN-1116,2023-05-23,1000,Cash,475.93,ZAR,PASS
TXN-1117,2023-02-06,1000,Cash,3068.38,ZAR,PASS
TXN-1118,2023-05-22,1000,Cash,3051.68,ZAR,PASS
TXN-1119,2023-01-15,5000,Operating Expenses,2731.19,ZAR,PASS
TXN-1120,2023-07-31,4000,Revenue,3869.98,ZAR,PASS
TXN-1121,2023-12-30,2000,Intercompany Payables,2107.94,ZAR,PASS
TXN-1122,2023-04-02,1000,Cash,997.86,ZAR,PASS
TXN-1123,2023-05-15,4000,Revenue,2336.54,ZAR,PASS
TXN-1124,2023-07-02,4000,Revenue,1090.76,ZAR,PASS
TXN-1125,2023-10-09,4000,Revenue,4487.05,ZAR,PASS
TXN-1126,2023-06-17,1000,Cash,1020.0,ZAR,PASS
TXN-1127,2023-10-14,5000,Operating Expenses,3233.24,ZAR,PASS
TXN-1128,2023-09-12,5000,Operating Expenses,3599.2,ZAR,PASS
TXN-1129,2023-06-30,5000,Operating Expenses,1990.52,ZAR,PASS
TXN-1130,2023-03-02,5000,Operating Expenses,2628.73,ZAR,PASS
TXN-1131,2023-07-24,4000,Revenue,1656.19,ZAR,PASS
TXN-1132,2023-03-25,2000,Intercompany Payables,3966.07,ZAR,PASS
TXN-1133,2023-12-04,5000,Operating Expenses,196.54,ZAR,PASS
TXN-1134,2023-03-20,2000,Intercompany Payables,1740.85,ZAR,PASS
TXN-1135,2023-12-08,4000,Revenue,1804.4,ZAR,PASS
TXN-1136,2023-10-22,1000,Cash,2969.05,ZAR,PASS
TXN-1137,2023-08-26,1000,Cash,4130.3,ZAR,PASS
TXN-1138,2023-03-11,4000,Revenue,3875.48,ZAR,PASS
TXN-1139,2023-12-20,4000,Revenue,3829.51,ZAR,PASS
TXN-1140,2023-02-25,4000,Revenue,4391.21,ZAR,PASS
TXN-1141,2023-03-03,4000,Revenue,3932.0,ZAR,PASS
TXN-1142,2023-11-03,2000,Intercompany Payables,1356.76,ZAR,PASS
TXN-1143,2023-07-26,1000,Cash,539.58,ZAR,PASS
TXN-1144,2023-12-08,1000,Cash,2095.89,ZAR,PASS
TXN-1145,2023-02-11,1000,Cash,1093.56,ZAR,PASS
TXN-1146,2023-04-07,5000,Operating Expenses,3796.01,ZAR,PASS
TXN-1147,2023-07-04,1000,Cash,337.27,ZAR,PASS
TXN-1148,2023-01-06,2000,Intercompany Payables,1234.81,ZAR,PASS
TXN-1149,2023-06-02,4000,Revenue,2715.69,ZAR,PASS
TXN-1150,2023-03-05,5000,Operating Expenses,2864.61,ZAR,PASS
TXN-1151,2023-07-09,5000,Operating Expenses,2281.7,ZAR,PASS
TXN-1152,2023-12-27,1000,Cash,4453.76,ZAR,PASS
TXN-1153,2023-02-01,4000,Revenue,648.13,ZAR,PASS
TXN-1154,2023-03-20,1000,Cash,4828.59,ZAR,PASS
TXN-1155,2023-12-01,1000,Cash,3585.88,ZAR,PASS
TXN-1156,2023-07-13,5000,Operating Expenses,2763.7,ZAR,PASS
TXN-1157,2023-12-17,2000,Intercompany Payables,2131.89,ZAR,PASS
TXN-1158,2023-05-27,2000,Intercompany Payables,2556.56,ZAR,PASS
TXN-1159,2023-01-18,4000,Revenue,4148.83,ZAR,PASS
TXN-1160,2023-11-29,4000,Revenue,4235.59,ZAR,PASS
TXN-1161,2023-02-22,4000,Revenue,1473.04,ZAR,PASS
TXN-1162,2023-05-14,2000,Intercompany Payables,1093.92,ZAR,PASS
TXN-1163,2023-01-06,4000,Revenue,3959.26,ZAR,PASS
TXN-1164,2023-02-26,2000,Intercompany Payables,2265.83,ZAR,PASS
TXN-1165,2023-10-30,2000,Intercompany Payables,4567.63,ZAR,PASS
TXN-1166,2023-06-29,4000,Revenue,1404.74,ZAR,PASS
TXN-1167,2023-09-23,5000,Operating Expenses,1416.34,ZAR,PASS
TXN-1168,2023-08-27,2000,Intercompany Payables,1116.46,ZAR,PASS
TXN-1169,2023-06-27,5000,Operating Expenses,3992.81,ZAR,PASS
TXN-1170,2023-08-03,5000,Operating Expenses,2672.74,ZAR,PASS
TXN-1171,2023-03-21,1000,Cash,3213.91,ZAR,PASS
TXN-1172,2023-04-16,2000,Intercompany Payables,1439.42,ZAR,PASS
TXN-1173,2023-12-16,1000,Cash,3025.03,ZAR,PASS
TXN-1174,2023-01-29,4000,Revenue,1369.2,ZAR,PASS
TXN-1175,2023-05-17,4000,Revenue,2476.36,ZAR,PASS
TXN-1176,2023-05-05,2000,Intercompany Payables,4201.57,ZAR,PASS
TXN-1177,2023-11-30,1000,Cash,1377.46,ZAR,PASS
TXN-1178,2023-01-02,5000,Operating Expenses,3084.78,ZAR,PASS
TXN-1179,2023-09-02,1000,Cash,1429.72,ZAR,PASS
TXN-1180,2023-12-28,2000,Intercompany Payables,4821.52,ZAR,PASS
TXN-1181,2023-12-10,5000,Operating Expenses,1124.79,ZAR,PASS
TXN-1182,2023-02-20,1000,Cash,273.64,ZAR,PASS
TXN-1183,2023-05-16,2000,Intercompany Payables,4239.03,ZAR,PASS
TXN-1184,2023-12-04,4000,Revenue,231.76,ZAR,PASS
TXN-1185,2023-12-30,5000,Operating Expenses,4162.23,ZAR,PASS
TXN-1186,2023-07-17,4000,Revenue,438.41,ZAR,PASS
TXN-1187,2023-09-14,5000,Operating Expenses,1143.8,ZAR,PASS
TXN-1188,2023-07-24,4000,Revenue,4845.13,ZAR,PASS
TXN-1189,2023-04-25,4000,Revenue,2474.19,ZAR,PASS
TXN-1190,2023-10-13,1000,Cash,3938.94,ZAR,PASS
TXN-1191,2023-06-21,5000,Operating Expenses,2472.33,ZAR,PASS
TXN-1192,2023-03-09,1000,Cash,4782.04,ZAR,PASS
TXN-1193,2023-12-15,2000,Intercompany Payables,2791.75,ZAR,PASS
TXN-1194,2023-07-01,2000,Intercompany Payables,3920.9,ZAR,PASS
TXN-1195,2023-03-19,2000,Intercompany Payables,2007.33,ZAR,PASS
TXN-1196,2023-03-09,4000,Revenue,1414.16,ZAR,PASS
TXN-1197,2023-08-25,4000,Revenue,1192.01,ZAR,PASS
TXN-1198,2023-12-30,4000,Revenue,4465.06,ZAR,PASS
TXN-1199,2023-04-25,4000,Revenue,2596.5,ZAR,PASS
TXN-1200,2023-11-09,5000,Operating Expenses,347.88,ZAR,PASS
TXN-1201,2023-02-09,5000,Operating Expenses,4746.16,ZAR,PASS
TXN-1202,2023-02-03,2000,Intercompany Payables,1007.18,ZAR,PASS
TXN-1203,2023-10-21,5000,Operating Expenses,266.13,ZAR,PASS
TXN-1204,2023-08-16,1000,Cash,1134.06,ZAR,PASS
TXN-1205,2023-03-26,4000,Revenue,4473.3,ZAR,PASS
TXN-1206,2023-10-08,2000,Intercompany Payables,1588.94,ZAR,PASS
TXN-1207,2023-12-30,1000,Cash,3390.85,ZAR,PASS
TXN-1208,2023-12-07,2000,Intercompany Payables,3064.88,ZAR,PASS
TXN-1209,2023-08-01,5000,Operating Expenses,3229.55,ZAR,PASS
TXN-1210,2023-12-25,4000,Revenue,1190.95,ZAR,PASS
TXN-1211,2023-11-12,2000,Intercompany Payables,1113.45,ZAR,PASS
TXN-1212,2023-09-08,1000,Cash,4787.25,ZAR,PASS
TXN-1213,2023-08-03,4000,Revenue,3264.78,ZAR,PASS
TXN-1214,2023-04-26,2000,Intercompany Payables,2702.66,ZAR,PASS
TXN-1215,2023-02-03,4000,Revenue,369.94,ZAR,PASS
TXN-1216,2023-03-21,4000,Revenue,415.67,ZAR,PASS
TXN-1217,2023-09-28,4000,Revenue,3806.22,ZAR,PASS
TXN-1218,2023-05-12,5000,Operating Expenses,2396.93,ZAR,PASS
TXN-1219,2023-12-16,2000,Intercompany Payables,1669.11,ZAR,PASS
TXN-1220,2023-10-12,2000,Intercompany Payables,1232.34,ZAR,PASS
TXN-1221,2023-07-24,5000,Operating Expenses,3678.12,ZAR,PASS
TXN-1222,2023-06-10,4000,Revenue,3191.38,ZAR,PASS
TXN-1223,2023-07-31,1000,Cash,2077.78,ZAR,PASS
TXN-1224,2023-07-10,1000,Cash,3820.31,ZAR,PASS
TXN-1225,2023-02-13,1000,Cash,2247.52,ZAR,PASS
TXN-1226,2023-10-27,1000,Cash,2381.27,ZAR,PASS
TXN-1227,2023-08-12,4000,Revenue,4474.36,ZAR,PASS
TXN-1228,2023-02-15,5000,Operating Expenses,1007.53,ZAR,PASS
TXN-1229,2023-12-08,2000,Intercompany Payables,2834.07,ZAR,PASS
TXN-1230,2023-05-10,1000,Cash,4211.36,ZAR,PASS
TXN-1231,2023-04-15,2000,Intercompany Payables,1664.11,ZAR,PASS
TXN-1232,2023-11-13,4000,Revenue,4585.13,ZAR,PASS
TXN-1233,2023-08-02,1000,Cash,3979.84,ZAR,PASS
TXN-1234,2023-10-26,1000,Cash,1430.59,ZAR,PASS
TXN-1235,2023-12-07,4000,Revenue,1835.67,ZAR,PASS
TXN-1236,2023-02-24,2000,Intercompany Payables,907.95,ZAR,PASS
TXN-1237,2023-01-24,1000,Cash,566.44,ZAR,PASS
TXN-1238,2023-09-04,4000,Revenue,3013.98,ZAR,PASS
TXN-1239,2023-05-04,2000,Intercompany Payables,3592.58,ZAR,PASS
TXN-1240,2023-06-19,5000,Operating Expenses,4795.66,ZAR,PASS
TXN-1241,2023-05-08,4000,Revenue,893.66,ZAR,PASS
TXN-1242,2023-04-18,1000,Cash,724.66,ZAR,PASS
TXN-1243,2023-02-21,4000,Revenue,1858.0,ZAR,PASS
TXN-1244,2023-01-02,4000,Revenue,880.3,ZAR,PASS
TXN-1245,2023-08-16,1000,Cash,3858.1,ZAR,PASS
TXN-1246,2023-02-28,1000,Cash,584.48,ZAR,PASS
TXN-1247,2023-03-22,5000,Operating Expenses,3283.0,ZAR,PASS
TXN-1248,2023-10-02,4000,Revenue,2902.58,ZAR,PASS
TXN-1249,2023-01-16,4000,Revenue,1964.73,ZAR,PASS
TXN-1250,2023-03-06,1000,Cash,3558.67,ZAR,PASS
TXN-1251,2023-03-26,4000,Revenue,732.56,ZAR,PASS
TXN-1252,2023-06-02,1000,Cash,4516.85,ZAR,PASS
TXN-1253,2023-02-11,4000,Revenue,4004.26,ZAR,PASS
TXN-1254,2023-03-26,5000,Operating Expenses,2465.46,ZAR,PASS
TXN-1255,2023-09-27,5000,Operating Expenses,1194.28,ZAR,PASS
TXN-1256,2023-10-29,1000,Cash,3957.95,ZAR,PASS
TXN-1257,2023-12-01,4000,Revenue,4579.55,ZAR,PASS
TXN-1258,2023-01-19,2000,Intercompany Payables,4005.54,ZAR,PASS
TXN-1259,2023-03-07,5000,Operating Expenses,1636.87,ZAR,PASS
TXN-1260,2023-12-13,1000,Cash,1786.54,ZAR,PASS
TXN-1261,2023-05-01,4000,Revenue,4736.12,ZAR,PASS
TXN-1262,2023-06-12,5000,Operating Expenses,2461.93,ZAR,PASS
TXN-1263,2023-06-23,5000,Operating Expenses,691.74,ZAR,PASS
TXN-1264,2023-11-07,5000,Operating Expenses,2209.84,ZAR,PASS
TXN-1265,2023-09-01,5000,Operating Expenses,3249.34,ZAR,PASS
TXN-1266,2023-09-13,5000,Operating Expenses,935.74,ZAR,PASS
TXN-1267,2023-09-29,1000,Cash,2743.1,ZAR,PASS
TXN-1268,2023-10-10,4000,Revenue,3943.86,ZAR,PASS
TXN-1269,2023-06-30,1000,Cash,4477.74,ZAR,PASS
TXN-1270,2023-02-05,1000,Cash,4207.84,ZAR,PASS
TXN-1271,2023-06-16,1000,Cash,934.65,ZAR,PASS
TXN-1272,2023-10-01,1000,Cash,1998.68,ZAR,PASS
TXN-1273,2023-09-24,4000,Revenue,2732.57,ZAR,PASS
TXN-1274,2023-07-03,4000,Revenue,4588.44,ZAR,PASS
TXN-1275,2023-09-14,1000,Cash,3730.48,ZAR,PASS
TXN-1276,2023-09-02,5000,Operating Expenses,857.63,ZAR,PASS
TXN-1277,2023-01-18,4000,Revenue,3656.15,ZAR,PASS
TXN-1278,2023-12-28,4000,Revenue,2565.2,ZAR,PASS
TXN-1279,2023-03-31,5000,Operating Expenses,2583.19,ZAR,PASS
TXN-1280,2023-03-20,4000,Revenue,3126.05,ZAR,PASS
TXN-1281,2023-12-15,4000,Revenue,4002.92,ZAR,PASS
TXN-1282,2023-08-22,4000,Revenue,646.98,ZAR,PASS
TXN-1283,2023-05-24,1000,Cash,228.19,ZAR,PASS
TXN-1284,2023-06-02,2000,Intercompany Payables,2678.21,ZAR,PASS
TXN-1285,2023-01-27,4000,Revenue,252.33,ZAR,PASS
TXN-1286,2023-08-08,5000,Operating Expenses,133.78,ZAR,PASS
TXN-1287,2023-11-18,5000,Operating Expenses,2432.56,ZAR,PASS
TXN-1288,2023-01-09,4000,Revenue,1634.87,ZAR,PASS
TXN-1289,2023-06-11,1000,Cash,4734.82,ZAR,PASS
TXN-1290,2023-09-10,4000,Revenue,3904.22,ZAR,PASS
TXN-1291,2023-10-30,1000,Cash,2473.76,ZAR,PASS
TXN-1292,2023-09-15,4000,Revenue,3044.92,ZAR,PASS
TXN-1293,2023-01-06,4000,Revenue,3482.07,ZAR,PASS
TXN-1294,2023-04-16,2000,Intercompany Payables,4878.72,ZAR,PASS
TXN-1295,2023-08-11,2000,Intercompany Payables,3626.98,ZAR,PASS
TXN-1296,2023-12-20,5000,Operating Expenses,1021.95,ZAR,PASS
TXN-1297,2023-07-31,1000,Cash,157.69,ZAR,PASS
TXN-1298,2023-11-01,5000,Operating Expenses,1824.25,ZAR,PASS
TXN-1299,2023-05-28,5000,Operating Expenses,4608.1,ZAR,PASS
TXN-1300,2023-10-23,5000,Operating Expenses,4946.35,ZAR,PASS
TXN-1301,2023-07-06,4000,Revenue,1726.14,ZAR,PASS
TXN-1302,2023-12-18,1000,Cash,4464.37,ZAR,PASS
TXN-1303,2023-08-14,4000,Revenue,2833.15,ZAR,PASS
TXN-1304,2023-01-24,2000,Intercompany Payables,4632.86,ZAR,PASS
TXN-1305,2023-10-14,1000,Cash,2547.27,ZAR,PASS
TXN-1306,2023-11-09,5000,Operating Expenses,1026.9,ZAR,PASS
TXN-1307,2023-05-14,1000,Cash,3868.11,ZAR,PASS
TXN-1308,2023-01-20,5000,Operating Expenses,3998.76,ZAR,PASS
TXN-1309,2023-01-10,2000,Intercompany Payables,3651.13,ZAR,PASS
TXN-1310,2023-08-09,5000,Operating Expenses,269.69,ZAR,PASS
TXN-1311,2023-08-24,4000,Revenue,4608.63,ZAR,PASS
TXN-1312,2023-09-17,2000,Intercompany Payables,2112.97,ZAR,PASS
TXN-1313,2023-08-27,4000,Revenue,1362.38,ZAR,PASS
TXN-1314,2023-07-27,1000,Cash,1695.85,ZAR,PASS
TXN-1315,2023-01-20,2000,Intercompany Payables,3962.98,ZAR,PASS
TXN-1316,2023-12-26,1000,Cash,3683.19,ZAR,PASS
TXN-1317,2023-01-13,5000,Operating Expenses,4665.57,ZAR,PASS
TXN-1318,2023-12-14,2000,Intercompany Payables,2552.49,ZAR,PASS
TXN-1319,2023-04-09,5000,Operating Expenses,3262.22,ZAR,PASS
TXN-1320,2023-12-01,2000,Intercompany Payables,2927.6,ZAR,PASS
TXN-1321,2023-03-22,4000,Revenue,3316.77,ZAR,PASS
TXN-1322,2023-10-07,1000,Cash,2276.89,ZAR,PASS
TXN-1323,2023-03-22,1000,Cash,3853.34,ZAR,PASS
TXN-1324,2023-06-09,2000,Intercompany Payables,1073.34,ZAR,PASS
TXN-1325,2023-03-16,5000,Operating Expenses,3786.99,ZAR,PASS
TXN-1326,2023-09-17,4000,Revenue,2737.18,ZAR,PASS
TXN-1327,2023-04-21,5000,Operating Expenses,2981.2,ZAR,PASS
TXN-1328,2023-05-09,1000,Cash,1448.82,ZAR,PASS
TXN-1329,2023-07-27,4000,Revenue,3269.92,ZAR,PASS
TXN-1330,2023-12-04,2000,Intercompany Payables,565.4,ZAR,PASS
TXN-1331,2023-09-04,2000,Intercompany Payables,4739.04,ZAR,PASS
TXN-1332,2023-10-17,2000,Intercompany Payables,1884.3,ZAR,PASS
TXN-1333,2023-11-19,2000,Intercompany Payables,1788.68,ZAR,PASS
TXN-1334,2023-09-04,4000,Revenue,1027.95,ZAR,PASS
TXN-1335,2023-08-27,5000,Operating Expenses,3459.32,ZAR,PASS
TXN-1336,2023-02-21,4000,Revenue,1583.47,ZAR,PASS
TXN-1337,2023-07-24,4000,Revenue,1732.89,ZAR,PASS
TXN-1338,2023-05-23,2000,Intercompany Payables,3275.17,ZAR,PASS
TXN-1339,2023-10-02,5000,Operating Expenses,1394.92,ZAR,PASS
TXN-1340,2023-10-09,4000,Revenue,1901.15,ZAR,PASS
TXN-1341,2023-01-31,5000,Operating Expenses,606.31,ZAR,PASS
TXN-1342,2023-05-06,4000,Revenue,3538.04,ZAR,PASS
TXN-1343,2023-10-03,5000,Operating Expenses,3998.56,ZAR,PASS
TXN-1344,2023-05-30,5000,Operating Expenses,3262.62,ZAR,PASS
TXN-1345,2023-10-18,4000,Revenue,2724.2,ZAR,PASS
TXN-1346,2023-06-17,1000,Cash,3490.24,ZAR,PASS
TXN-1347,2023-11-02,4000,Revenue,1276.78,ZAR,PASS
TXN-1348,2023-10-17,1000,Cash,2391.12,ZAR,PASS
TXN-1349,2023-01-22,2000,Intercompany Payables,1704.3,ZAR,PASS
TXN-1350,2023-05-17,4000,Revenue,361.03,ZAR,PASS
TXN-1351,2023-08-30,4000,Revenue,555.71,ZAR,PASS
TXN-1352,2023-04-27,5000,Operating Expenses,4616.33,ZAR,PASS
TXN-1353,2023-10-17,1000,Cash,4146.46,ZAR,PASS
TXN-1354,2023-04-25,5000,Operating Expenses,3114.28,ZAR,PASS
TXN-1355,2023-01-26,2000,Intercompany Payables,1641.14,ZAR,PASS
TXN-1356,2023-12-12,4000,Revenue,4266.12,ZAR,PASS
TXN-1357,2023-10-10,2000,Intercompany Payables,3359.06,ZAR,PASS
TXN-1358,2023-11-21,5000,Operating Expenses,3117.26,ZAR,PASS
TXN-1359,2023-12-22,5000,Operating Expenses,421.77,ZAR,PASS
TXN-1360,2023-02-01,5000,Operating Expenses,901.24,ZAR,PASS
TXN-1361,2023-07-04,4000,Revenue,1693.68,ZAR,PASS
TXN-1362,2023-09-30,4000,Revenue,3580.85,ZAR,PASS
TXN-1363,2023-10-27,5000,Operating Expenses,153.29,ZAR,PASS
TXN-1364,2023-02-02,1000,Cash,1092.08,ZAR,PASS
TXN-1365,2023-07-31,4000,Revenue,3448.11,ZAR,PASS
TXN-1366,2023-08-06,2000,Intercompany Payables,3345.64,ZAR,PASS
TXN-1367,2023-11-29,1000,Cash,3447.05,ZAR,PASS
TXN-1368,2023-10-22,4000,Revenue,2631.67,ZAR,PASS
TXN-1369,2023-09-28,4000,Revenue,4459.54,ZAR,PASS
TXN-1370,2023-07-31,2000,Intercompany Payables,4718.16,ZAR,PASS
TXN-1371,2023-04-24,4000,Revenue,4965.22,ZAR,PASS
TXN-1372,2023-08-28,4000,Revenue,1555.45,ZAR,PASS
TXN-1373,2023-04-21,5000,Operating Expenses,2003.38,ZAR,PASS
TXN-1374,2023-02-15,4000,Revenue,3537.07,ZAR,PASS
TXN-1375,2023-05-03,5000,Operating Expenses,3815.38,ZAR,PASS
TXN-1376,2023-11-10,5000,Operating Expenses,3092.01,ZAR,PASS
TXN-1377,2023-02-10,1000,Cash,4928.94,ZAR,PASS
TXN-1378,2023-12-08,1000,Cash,306.09,ZAR,PASS
TXN-1379,2023-06-16,2000,Intercompany Payables,1287.94,ZAR,PASS
TXN-1380,2023-09-25,4000,Revenue,3976.43,ZAR,PASS
TXN-1381,2023-05-28,4000,Revenue,2807.19,ZAR,PASS
TXN-1382,2023-08-28,5000,Operating Expenses,2919.45,ZAR,PASS
TXN-1383,2023-08-04,4000,Revenue,921.31,ZAR,PASS
TXN-1384,2023-04-02,5000,Operating Expenses,570.22,ZAR,PASS
TXN-1385,2023-10-23,1000,Cash,4329.86,ZAR,PASS
TXN-1386,2023-04-20,5000,Operating Expenses,4190.62,ZAR,PASS
TXN-1387,2023-12-30,4000,Revenue,431.29,ZAR,PASS
TXN-1388,2023-07-03,2000,Intercompany Payables,415.79,ZAR,PASS
TXN-1389,2023-02-24,4000,Revenue,2485.71,ZAR,PASS
TXN-1390,2023-07-03,5000,Operating Expenses,133.11,ZAR,PASS
TXN-1391,2023-04-24,4000,Revenue,430.91,ZAR,PASS
TXN-1392,2023-02-12,1000,Cash,1075.83,ZAR,PASS
TXN-1393,2023-07-15,4000,Revenue,2390.99,ZAR,PASS
TXN-1394,2023-09-02,1000,Cash,3440.47,ZAR,PASS
TXN-1395,2023-12-09,5000,Operating Expenses,1929.85,ZAR,PASS
TXN-1396,2023-05-03,1000,Cash,1109.42,ZAR,PASS
TXN-1397,2023-10-09,1000,Cash,1789.08,ZAR,PASS
TXN-1398,2023-08-18,1000,Cash,2867.59,ZAR,PASS
TXN-1399,2023-12-23,4000,Revenue,919.01,ZAR,PASS
TXN-1400,2023-05-16,5000,Operating Expenses,3371.7,ZAR,PASS
TXN-1401,2023-08-11,2000,Intercompany Payables,1808.6,ZAR,PASS
TXN-1402,2023-12-27,4000,Revenue,4332.95,ZAR,PASS
TXN-1403,2023-03-21,4000,Revenue,4069.71,ZAR,PASS
TXN-1404,2023-02-24,2000,Intercompany Payables,1297.05,ZAR,PASS
TXN-1405,2023-01-05,4000,Revenue,1590.81,ZAR,PASS
TXN-1406,2023-05-21,4000,Revenue,2253.5,ZAR,PASS
TXN-1407,2023-10-03,2000,Intercompany Payables,3857.96,ZAR,PASS
TXN-1408,2023-03-20,4000,Revenue,279.28,ZAR,PASS
TXN-1409,2023-07-26,1000,Cash,4388.63,ZAR,PASS
TXN-1410,2023-01-15,4000,Revenue,1597.53,ZAR,PASS
TXN-1411,2023-10-20,4000,Revenue,4178.5,ZAR,PASS
TXN-1412,2023-02-14,5000,Operating Expenses,1984.22,ZAR,PASS
TXN-1413,2023-09-26,2000,Intercompany Payables,4780.3,ZAR,PASS
TXN-1414,2023-08-19,1000,Cash,4445.21,ZAR,PASS
TXN-1415,2023-06-13,1000,Cash,4809.59,ZAR,PASS
TXN-1416,2023-05-22,2000,Intercompany Payables,1256.94,ZAR,PASS
TXN-1417,2023-04-25,5000,Operating Expenses,1845.39,ZAR,PASS
TXN-1418,2023-05-05,5000,Operating Expenses,2799.57,ZAR,PASS
TXN-1419,2023-10-12,4000,Revenue,2580.84,ZAR,PASS
TXN-1420,2023-03-12,2000,Intercompany Payables,4109.67,ZAR,PASS
TXN-1421,2023-11-14,4000,Revenue,4317.15,ZAR,PASS
TXN-1422,2023-02-13,4000,Revenue,1582.22,ZAR,PASS
TXN-1423,2023-01-27,5000,Operating Expenses,1788.87,ZAR,PASS
TXN-1424,2023-06-20,5000,Operating Expenses,2872.97,ZAR,PASS
TXN-1425,2023-07-18,5000,Operating Expenses,1887.6,ZAR,PASS
TXN-1426,2023-07-17,5000,Operating Expenses,4082.26,ZAR,PASS
TXN-1427,2023-04-17,2000,Intercompany Payables,576.68,ZAR,PASS
TXN-1428,2023-06-25,4000,Revenue,264.69,ZAR,PASS
TXN-1429,2023-06-26,1000,Cash,184.22,ZAR,PASS
TXN-1430,2023-02-07,4000,Revenue,3226.12,ZAR,PASS
TXN-1431,2023-07-01,2000,Intercompany Payables,4322.62,ZAR,PASS
TXN-1432,2023-03-10,2000,Intercompany Payables,1456.83,ZAR,PASS
TXN-1433,2023-07-27,1000,Cash,4062.56,ZAR,PASS
TXN-1434,2023-06-14,4000,Revenue,2123.93,ZAR,PASS
TXN-1435,2023-08-11,1000,Cash,1367.72,ZAR,PASS
TXN-1436,2023-12-17,1000,Cash,2815.6,ZAR,PASS
TXN-1437,2023-10-04,2000,Intercompany Payables,2755.66,ZAR,PASS
TXN-1438,2023-05-08,1000,Cash,3176.75,ZAR,PASS
TXN-1439,2023-01-27,4000,Revenue,476.53,ZAR,PASS
TXN-1440,2023-11-12,5000,Operating Expenses,4588.6,ZAR,PASS
TXN-1441,2023-01-13,4000,Revenue,3813.12,ZAR,PASS
TXN-1442,2023-01-23,5000,Operating Expenses,2309.61,ZAR,PASS
TXN-1443,2023-03-20,2000,Intercompany Payables,4173.15,ZAR,PASS
TXN-1444,2023-04-21,1000,Cash,3455.98,ZAR,PASS
TXN-1445,2023-10-12,1000,Cash,1072.48,ZAR,PASS
TXN-1446,2023-10-19,5000,Operating Expenses,1999.2,ZAR,PASS
TXN-1447,2023-01-10,2000,Intercompany Payables,1436.54,ZAR,PASS
TXN-1448,2023-11-07,4000,Revenue,2624.73,ZAR,PASS
TXN-1449,2023-02-17,5000,Operating Expenses,1244.23,ZAR,PASS
TXN-1450,2023-09-02,2000,Intercompany Payables,2234.49,ZAR,PASS
TXN-1451,2023-10-12,2000,Intercompany Payables,2645.71,ZAR,PASS
TXN-1452,2023-09-13,4000,Revenue,3474.81,ZAR,PASS
TXN-1453,2023-09-01,2000,Intercompany Payables,791.47,ZAR,PASS
TXN-1454,2023-01-08,1000,Cash,4744.66,ZAR,PASS
TXN-1455,2023-11-06,4000,Revenue,4940.54,ZAR,PASS
TXN-1456,2023-06-21,5000,Operating Expenses,1109.64,ZAR,PASS
TXN-1457,2023-11-23,2000,Intercompany Payables,175.22,ZAR,PASS
TXN-1458,2023-06-06,5000,Operating Expenses,738.89,ZAR,PASS
TXN-1459,2023-01-22,5000,Operating Expenses,1159.29,ZAR,PASS
TXN-1460,2023-07-13,5000,Operating Expenses,2870.77,ZAR,PASS
TXN-1461,2023-10-25,1000,Cash,2804.79,ZAR,PASS
TXN-1462,2023-10-13,4000,Revenue,207.27,ZAR,PASS
TXN-1463,2023-06-10,1000,Cash,2963.55,ZAR,PASS
TXN-1464,2023-02-21,4000,Revenue,2700.67,ZAR,PASS
TXN-1465,2023-12-24,4000,Revenue,148.08,ZAR,PASS
TXN-1466,2023-05-31,2000,Intercompany Payables,1971.43,ZAR,PASS
TXN-1467,2023-04-26,4000,Revenue,3089.19,ZAR,PASS
TXN-1468,2023-01-01,4000,Revenue,4149.63,ZAR,PASS
TXN-1469,2023-10-12,2000,Intercompany Payables,806.8,ZAR,PASS
TXN-1470,2023-03-23,5000,Operating Expenses,2426.06,ZAR,PASS
TXN-1471,2023-10-21,2000,Intercompany Payables,1095.91,ZAR,PASS
TXN-1472,2023-08-13,4000,Revenue,3083.21,ZAR,PASS
TXN-1473,2023-11-21,4000,Revenue,4850.31,ZAR,PASS
TXN-1474,2023-01-06,4000,Revenue,1372.38,ZAR,PASS
TXN-1475,2023-05-25,1000,Cash,4604.52,ZAR,PASS
TXN-1476,2023-09-11,5000,Operating Expenses,1979.53,ZAR,PASS
TXN-1477,2023-08-30,1000,Cash,1132.72,ZAR,PASS
TXN-1478,2023-04-30,4000,Revenue,4538.4,ZAR,PASS
TXN-1479,2023-08-28,5000,Operating Expenses,1109.48,ZAR,PASS
TXN-1480,2023-07-08,1000,Cash,4141.53,ZAR,PASS
TXN-1481,2023-06-28,5000,Operating Expenses,3854.32,ZAR,PASS
TXN-1482,2023-06-05,1000,Cash,4984.92,ZAR,PASS
TXN-1483,2023-03-26,4000,Revenue,3917.02,ZAR,PASS
TXN-1484,2023-05-28,2000,Intercompany Payables,127.37,ZAR,PASS
TXN-1485,2023-11-02,4000,Revenue,3512.43,ZAR,PASS
TXN-1486,2023-07-01,5000,Operating Expenses,4901.87,ZAR,PASS
TXN-1487,2023-08-03,5000,Operating Expenses,4898.91,ZAR,PASS
TXN-1488,2023-04-22,5000,Operating Expenses,1450.94,ZAR,PASS
TXN-1489,2023-01-06,5000,Operating Expenses,2071.73,ZAR,PASS
TXN-1490,2023-03-15,1000,Cash,1223.83,ZAR,PASS
TXN-1491,2023-02-09,4000,Revenue,4652.87,ZAR,PASS
TXN-1492,2023-01-12,4000,Revenue,4043.73,ZAR,PASS
TXN-1493,2023-07-17,2000,Intercompany Payables,407.61,ZAR,PASS
TXN-1494,2023-05-03,1000,Cash,3776.65,ZAR,PASS
TXN-1495,2023-03-18,5000,Operating Expenses,2744.39,ZAR,PASS
TXN-1496,2023-11-14,2000,Intercompany Payables,3929.42,ZAR,PASS
TXN-1497,2023-08-01,4000,Revenue,4588.13,ZAR,PASS
TXN-1498,2023-05-04,1000,Cash,1534.2,ZAR,PASS
TXN-1499,2023-10-26,2000,Intercompany Payables,3080.71,ZAR,PASS
TXN-1500,2023-12-14,4000,Revenue,529.61,ZAR,PASS
TXN-1501,2023-06-25,4000,Revenue,3537.33,ZAR,PASS
TXN-1502,2023-04-03,5000,Operating Expenses,2805.67,ZAR,PASS
TXN-1503,2023-05-31,5000,Operating Expenses,2778.65,ZAR,PASS
TXN-1504,2023-07-31,1000,Cash,4648.56,ZAR,PASS
TXN-1505,2023-08-19,4000,Revenue,1059.62,ZAR,PASS
TXN-1506,2023-05-28,4000,Revenue,4495.3,ZAR,PASS
TXN-1507,2023-02-23,2000,Intercompany Payables,2725.11,ZAR,PASS
TXN-1508,2023-10-08,4000,Revenue,464.22,ZAR,PASS
TXN-1509,2023-07-13,5000,Operating Expenses,1794.26,ZAR,PASS
TXN-1510,2023-07-22,2000,Intercompany Payables,688.17,ZAR,PASS
TXN-1511,2023-11-14,2000,Intercompany Payables,4805.85,ZAR,PASS
TXN-1512,2023-04-05,2000,Intercompany Payables,3737.99,ZAR,PASS
TXN-1513,2023-04-05,2000,Intercompany Payables,822.21,ZAR,PASS
TXN-1514,2023-12-17,2000,Intercompany Payables,3588.24,ZAR,PASS
TXN-1515,2023-04-07,1000,Cash,2973.4,ZAR,PASS
TXN-1516,2023-05-08,4000,Revenue,2931.99,ZAR,PASS
TXN-1517,2023-04-21,2000,Intercompany Payables,2565.33,ZAR,PASS
TXN-1518,2023-07-15,2000,Intercompany Payables,1832.76,ZAR,PASS
TXN-1519,2023-03-25,5000,Operating Expenses,3931.49,ZAR,PASS
TXN-1520,2023-01-16,4000,Revenue,4610.57,ZAR,PASS
TXN-1521,2023-03-17,2000,Intercompany Payables,106.86,ZAR,PASS
TXN-1522,2023-09-17,1000,Cash,2387.84,ZAR,PASS
TXN-1523,2023-12-02,2000,Intercompany Payables,4885.46,ZAR,PASS
TXN-1524,2023-01-15,1000,Cash,2501.48,ZAR,PASS
TXN-1525,2023-03-31,5000,Operating Expenses,2484.44,ZAR,PASS
TXN-1526,2023-08-02,2000,Intercompany Payables,1427.61,ZAR,PASS
TXN-1527,2023-03-08,4000,Revenue,4866.85,ZAR,PASS
TXN-1528,2023-11-02,5000,Operating Expenses,2725.21,ZAR,PASS
TXN-1529,2023-06-02,2000,Intercompany Payables,920.97,ZAR,PASS
TXN-1530,2023-08-16,2000,Intercompany Payables,3939.44,ZAR,PASS
TXN-1531,2023-03-01,4000,Revenue,1058.52,ZAR,PASS
TXN-1532,2023-03-11,2000,Intercompany Payables,3670.26,ZAR,PASS
TXN-1533,2023-09-01,2000,Intercompany Payables,640.36,ZAR,PASS
TXN-1534,2023-03-22,4000,Revenue,3942.55,ZAR,PASS
TXN-1535,2023-01-29,1000,Cash,4875.66,ZAR,PASS
TXN-1536,2023-05-22,5000,Operating Expenses,901.76,ZAR,PASS
TXN-1537,2023-10-01,1000,Cash,4580.6,ZAR,PASS
TXN-1538,2023-03-05,1000,Cash,3435.77,ZAR,PASS
TXN-1539,2023-07-14,5000,Operating Expenses,2905.18,ZAR,PASS
TXN-1540,2023-07-20,1000,Cash,3733.01,ZAR,PASS
TXN-1541,2023-07-29,1000,Cash,2905.92,ZAR,PASS
TXN-1542,2023-04-16,1000,Cash,4330.34,ZAR,PASS
TXN-1543,2023-11-19,2000,Intercompany Payables,3132.42,ZAR,PASS
TXN-1544,2023-04-02,4000,Revenue,3981.93,ZAR,PASS
TXN-1545,2023-06-25,4000,Revenue,3259.23,ZAR,PASS
TXN-1546,2023-02-11,5000,Operating Expenses,2269.52,ZAR,PASS
TXN-1547,2023-07-06,2000,Intercompany Payables,201.92,ZAR,PASS
TXN-1548,2023-11-17,2000,Intercompany Payables,1655.31,ZAR,PASS
TXN-1549,2023-12-22,4000,Revenue,2548.68,ZAR,PASS
TXN-1550,2023-11-16,2000,Intercompany Payables,2228.99,ZAR,PASS
TXN-1551,2023-11-25,2000,Intercompany Payables,4840.51,ZAR,PASS
TXN-1552,2023-04-16,1000,Cash,2190.71,ZAR,PASS
TXN-1553,2023-03-16,5000,Operating Expenses,4271.75,ZAR,PASS
TXN-1554,2023-03-01,4000,Revenue,4362.82,ZAR,PASS
TXN-1555,2023-01-31,4000,Revenue,2378.23,ZAR,PASS
TXN-1556,2023-06-07,5000,Operating Expenses,3465.64,ZAR,PASS
TXN-1557,2023-04-12,2000,Intercompany Payables,3531.49,ZAR,PASS
TXN-1558,2023-03-14,4000,Revenue,2155.77,ZAR,PASS
TXN-1559,2023-08-25,1000,Cash,1097.08,ZAR,PASS
TXN-1560,2023-11-15,5000,Operating Expenses,2938.81,ZAR,PASS
TXN-1561,2023-10-03,4000,Revenue,3113.97,ZAR,PASS
TXN-1562,2023-02-11,5000,Operating Expenses,3946.59,ZAR,PASS
TXN-1563,2023-05-20,1000,Cash,3466.45,ZAR,PASS
TXN-1564,2023-07-20,5000,Operating Expenses,4078.21,ZAR,PASS
TXN-1565,2023-09-08,4000,Revenue,1072.58,ZAR,PASS
TXN-1566,2023-05-06,5000,Operating Expenses,2003.74,ZAR,PASS
TXN-1567,2023-12-08,5000,Operating Expenses,4374.58,ZAR,PASS
TXN-1568,2023-02-08,5000,Operating Expenses,927.89,ZAR,PASS
TXN-1569,2023-01-13,2000,Intercompany Payables,632.08,ZAR,PASS
TXN-1570,2023-01-22,1000,Cash,2269.49,ZAR,PASS
TXN-1571,2023-09-06,2000,Intercompany Payables,4346.76,ZAR,PASS
TXN-1572,2023-09-24,5000,Operating Expenses,2858.87,ZAR,PASS
TXN-1573,2023-09-20,5000,Operating Expenses,3026.52,ZAR,PASS
TXN-1574,2023-04-20,1000,Cash,2591.76,ZAR,PASS
TXN-1575,2023-11-16,2000,Intercompany Payables,3709.54,ZAR,PASS
TXN-1576,2023-08-21,2000,Intercompany Payables,2088.9,ZAR,PASS
TXN-1577,2023-06-13,1000,Cash,3812.81,ZAR,PASS
TXN-1578,2023-06-15,4000,Revenue,2528.58,ZAR,PASS
TXN-1579,2023-07-09,4000,Revenue,3230.35,ZAR,PASS
TXN-1580,2023-03-25,5000,Operating Expenses,3340.45,ZAR,PASS
TXN-1581,2023-04-23,4000,Revenue,4401.58,ZAR,PASS
TXN-1582,2023-08-05,1000,Cash,2477.69,ZAR,PASS
TXN-1583,2023-07-25,1000,Cash,1156.54,ZAR,PASS
TXN-1584,2023-04-27,2000,Intercompany Payables,2672.13,ZAR,PASS
TXN-1585,2023-05-31,5000,Operating Expenses,2245.69,ZAR,PASS
TXN-1586,2023-03-04,4000,Revenue,344.87,ZAR,PASS
TXN-1587,2023-02-14,5000,Operating Expenses,673.86,ZAR,PASS
TXN-1588,2023-04-22,1000,Cash,4145.05,ZAR,PASS
TXN-1589,2023-12-22,5000,Operating Expenses,4784.41,ZAR,PASS
TXN-1590,2023-12-19,2000,Intercompany Payables,4096.86,ZAR,PASS
TXN-1591,2023-12-19,1000,Cash,1181.04,ZAR,PASS
TXN-1592,2023-02-16,4000,Revenue,1639.88,ZAR,PASS
TXN-1593,2023-02-15,5000,Operating Expenses,861.16,ZAR,PASS
TXN-1594,2023-11-07,1000,Cash,3212.47,ZAR,PASS
TXN-1595,2023-07-20,4000,Revenue,1688.85,ZAR,PASS
TXN-1596,2023-07-24,1000,Cash,1505.99,ZAR,PASS
TXN-1597,2023-08-09,4000,Revenue,2240.09,ZAR,PASS
TXN-1598,2023-06-27,1000,Cash,1222.04,ZAR,PASS
TXN-1599,2023-03-06,2000,Intercompany Payables,354.67,ZAR,PASS
TXN-1600,2023-07-31,2000,Intercompany Payables,3629.25,ZAR,PASS
TXN-1601,2023-07-14,5000,Operating Expenses,4206.9,ZAR,PASS
TXN-1602,2023-03-26,5000,Operating Expenses,933.29,ZAR,PASS
TXN-1603,2023-11-07,1000,Cash,4472.96,ZAR,PASS
TXN-1604,2023-09-17,5000,Operating Expenses,4490.56,ZAR,PASS
TXN-1605,2023-08-01,1000,Cash,2971.28,ZAR,PASS
TXN-1606,2023-02-20,2000,Intercompany Payables,2640.83,ZAR,PASS
TXN-1607,2023-11-27,2000,Intercompany Payables,1220.72,ZAR,PASS
TXN-1608,2023-07-15,4000,Revenue,4966.05,ZAR,PASS
TXN-1609,2023-02-05,2000,Intercompany Payables,4423.38,ZAR,PASS
TXN-1610,2023-04-03,2000,Intercompany Payables,395.27,ZAR,PASS
TXN-1611,2023-10-09,4000,Revenue,3287.86,ZAR,PASS
TXN-1612,2023-05-26,5000,Operating Expenses,2566.74,ZAR,PASS
TXN-1613,2023-02-28,1000,Cash,1619.34,ZAR,PASS
TXN-1614,2023-04-02,1000,Cash,4767.78,ZAR,PASS
TXN-1615,2023-12-19,1000,Cash,1476.48,ZAR,PASS
TXN-1616,2023-12-07,2000,Intercompany Payables,4569.96,ZAR,PASS
TXN-1617,2023-02-21,5000,Operating Expenses,4701.47,ZAR,PASS
TXN-1618,2023-08-25,4000,Revenue,2324.08,ZAR,PASS
TXN-1619,2023-01-30,4000,Revenue,4079.43,ZAR,PASS
TXN-1620,2023-12-09,4000,Revenue,662.14,ZAR,PASS
TXN-1621,2023-11-22,2000,Intercompany Payables,4746.99,ZAR,PASS
TXN-1622,2023-07-16,2000,Intercompany Payables,4056.14,ZAR,PASS
TXN-1623,2023-08-08,4000,Revenue,4949.88,ZAR,PASS
TXN-1624,2023-04-03,2000,Intercompany Payables,3384.06,ZAR,PASS
TXN-1625,2023-10-29,4000,Revenue,275.9,ZAR,PASS
TXN-1626,2023-03-15,5000,Operating Expenses,3678.63,ZAR,PASS
TXN-1627,2023-11-21,1000,Cash,1568.54,ZAR,PASS
TXN-1628,2023-01-24,4000,Revenue,627.2,ZAR,PASS
TXN-1629,2023-10-02,2000,Intercompany Payables,3342.94,ZAR,PASS
TXN-1630,2023-01-17,1000,Cash,4705.77,ZAR,PASS
TXN-1631,2023-01-18,4000,Revenue,783.8,ZAR,PASS
TXN-1632,2023-03-05,4000,Revenue,4299.01,ZAR,PASS
TXN-1633,2023-07-27,1000,Cash,2615.52,ZAR,PASS
TXN-1634,2023-03-10,1000,Cash,4227.09,ZAR,PASS
TXN-1635,2023-02-25,4000,Revenue,1825.44,ZAR,PASS
TXN-1636,2023-03-30,5000,Operating Expenses,3373.46,ZAR,PASS
TXN-1637,2023-10-31,2000,Intercompany Payables,1592.54,ZAR,PASS
TXN-1638,2023-05-16,5000,Operating Expenses,3437.02,ZAR,PASS
TXN-1639,2023-11-27,2000,Intercompany Payables,226.79,ZAR,PASS
TXN-1640,2023-02-14,2000,Intercompany Payables,1169.91,ZAR,PASS
TXN-1641,2023-03-12,4000,Revenue,460.89,ZAR,PASS
TXN-1642,2023-05-22,4000,Revenue,1384.02,ZAR,PASS
TXN-1643,2023-02-21,4000,Revenue,513.75,ZAR,PASS
TXN-1644,2023-12-17,4000,Revenue,3493.55,ZAR,PASS
TXN-1645,2023-08-16,2000,Intercompany Payables,4164.51,ZAR,PASS
TXN-1646,2023-04-12,5000,Operating Expenses,4255.19,ZAR,PASS
TXN-1647,2023-11-27,1000,Cash,2381.97,ZAR,PASS
TXN-1648,2023-07-30,1000,Cash,760.71,ZAR,PASS
TXN-1649,2023-07-24,2000,Intercompany Payables,2383.08,ZAR,PASS
TXN-1650,2023-07-06,4000,Revenue,1798.38,ZAR,PASS
TXN-1651,2023-05-28,5000,Operating Expenses,3939.71,ZAR,PASS
TXN-1652,2023-04-18,5000,Operating Expenses,2099.88,ZAR,PASS
TXN-1653,2023-04-22,2000,Intercompany Payables,4039.23,ZAR,PASS
TXN-1654,2023-02-11,2000,Intercompany Payables,327.72,ZAR,PASS
TXN-1655,2023-10-23,2000,Intercompany Payables,2404.67,ZAR,PASS
TXN-1656,2023-02-28,4000,Revenue,2752.17,ZAR,PASS
TXN-1657,2023-07-24,4000,Revenue,1823.98,ZAR,PASS
TXN-1658,2023-07-08,4000,Revenue,4665.15,ZAR,PASS
TXN-1659,2023-10-24,4000,Revenue,4642.44,ZAR,PASS
TXN-1660,2023-03-03,5000,Operating Expenses,1728.69,ZAR,PASS
TXN-1661,2023-07-01,2000,Intercompany Payables,4953.34,ZAR,PASS
TXN-1662,2023-12-30,2000,Intercompany Payables,3901.12,ZAR,PASS
TXN-1663,2023-02-28,4000,Revenue,4906.82,ZAR,PASS
TXN-1664,2023-09-04,4000,Revenue,1556.47,ZAR,PASS
TXN-1665,2023-06-16,2000,Intercompany Payables,744.69,ZAR,PASS
TXN-1666,2023-04-06,2000,Intercompany Payables,1138.02,ZAR,PASS
TXN-1667,2023-08-01,5000,Operating Expenses,2692.34,ZAR,PASS
TXN-1668,2023-06-11,2000,Intercompany Payables,1382.02,ZAR,PASS
TXN-1669,2023-10-13,4000,Revenue,665.32,ZAR,PASS
TXN-1670,2023-07-08,4000,Revenue,4124.76,ZAR,PASS
TXN-1671,2023-05-13,1000,Cash,3794.57,ZAR,PASS
TXN-1672,2023-06-01,1000,Cash,823.51,ZAR,PASS
TXN-1673,2023-12-04,4000,Revenue,2040.14,ZAR,PASS
TXN-1674,2023-11-17,5000,Operating Expenses,4438.05,ZAR,PASS
TXN-1675,2023-04-25,1000,Cash,1246.39,ZAR,PASS
TXN-1676,2023-04-26,1000,Cash,3216.13,ZAR,PASS
TXN-1677,2023-04-10,2000,Intercompany Payables,2828.33,ZAR,PASS
TXN-1678,2023-01-27,5000,Operating Expenses,3381.9,ZAR,PASS
TXN-1679,2023-10-16,5000,Operating Expenses,4695.09,ZAR,PASS
TXN-1680,2023-12-06,2000,Intercompany Payables,678.96,ZAR,PASS
TXN-1681,2023-12-13,4000,Revenue,2476.37,ZAR,PASS
TXN-1682,2023-05-24,4000,Revenue,3583.84,ZAR,PASS
TXN-1683,2023-10-28,1000,Cash,2854.77,ZAR,PASS
TXN-1684,2023-11-16,4000,Revenue,677.73,ZAR,PASS
TXN-1685,2023-10-20,1000,Cash,3575.85,ZAR,PASS
TXN-1686,2023-10-22,5000,Operating Expenses,145.0,ZAR,PASS
TXN-1687,2023-01-18,4000,Revenue,4853.84,ZAR,PASS
TXN-1688,2023-10-31,4000,Revenue,2878.12,ZAR,PASS
TXN-1689,2023-09-19,1000,Cash,2390.71,ZAR,PASS
TXN-1690,2023-08-04,2000,Intercompany Payables,373.83,ZAR,PASS
TXN-1691,2023-05-11,5000,Operating Expenses,2482.81,ZAR,PASS
TXN-1692,2023-01-07,4000,Revenue,3339.74,ZAR,PASS
TXN-1693,2023-04-11,5000,Operating Expenses,1729.95,ZAR,PASS
TXN-1694,2023-11-09,4000,Revenue,1966.13,ZAR,PASS
TXN-1695,2023-01-22,1000,Cash,2262.36,ZAR,PASS
TXN-1696,2023-03-27,1000,Cash,1728.9,ZAR,PASS
TXN-1697,2023-10-02,1000,Cash,1460.99,ZAR,PASS
TXN-1698,2023-11-30,5000,Operating Expenses,916.38,ZAR,PASS
TXN-1699,2023-03-15,2000,Intercompany Payables,910.3,ZAR,PASS
TXN-1700,2023-08-12,2000,Intercompany Payables,3171.45,ZAR,PASS
TXN-1701,2023-05-13,4000,Revenue,4220.71,ZAR,PASS
TXN-1702,2023-10-24,4000,Revenue,3378.13,ZAR,PASS
TXN-1703,2023-02-06,5000,Operating Expenses,4626.77,ZAR,PASS
TXN-1704,2023-11-23,1000,Cash,3614.0,ZAR,PASS
TXN-1705,2023-01-19,4000,Revenue,3703.82,ZAR,PASS
TXN-1706,2023-05-29,1000,Cash,1209.02,ZAR,PASS
TXN-1707,2023-05-16,4000,Revenue,4185.59,ZAR,PASS
TXN-1708,2023-08-10,5000,Operating Expenses,4524.32,ZAR,PASS
TXN-1709,2023-12-20,5000,Operating Expenses,4912.37,ZAR,PASS
TXN-1710,2023-12-04,2000,Intercompany Payables,1306.75,ZAR,PASS
TXN-1711,2023-10-20,5000,Operating Expenses,3711.43,ZAR,PASS
TXN-1712,2023-09-09,5000,Operating Expenses,1993.06,ZAR,PASS
TXN-1713,2023-10-22,1000,Cash,2535.68,ZAR,PASS
TXN-1714,2023-10-10,2000,Intercompany Payables,1580.4,ZAR,PASS
TXN-1715,2023-05-21,1000,Cash,2500.07,ZAR,PASS
TXN-1716,2023-10-28,2000,Intercompany Payables,594.67,ZAR,PASS
TXN-1717,2023-05-25,1000,Cash,3034.41,ZAR,PASS
TXN-1718,2023-01-10,1000,Cash,3895.08,ZAR,PASS
TXN-1719,2023-10-30,1000,Cash,3918.89,ZAR,PASS
TXN-1720,2023-12-15,4000,Revenue,3550.55,ZAR,PASS
TXN-1721,2023-11-19,2000,Intercompany Payables,682.62,ZAR,PASS
TXN-1722,2023-09-20,4000,Revenue,4542.03,ZAR,PASS
TXN-1723,2023-11-27,2000,Intercompany Payables,2649.64,ZAR,PASS
TXN-1724,2023-08-09,2000,Intercompany Payables,3918.27,ZAR,PASS
TXN-1725,2023-07-14,5000,Operating Expenses,3301.45,ZAR,PASS
TXN-1726,2023-11-15,2000,Intercompany Payables,947.62,ZAR,PASS
TXN-1727,2023-08-09,4000,Revenue,1843.18,ZAR,PASS
TXN-1728,2023-01-03,4000,Revenue,4374.05,ZAR,PASS
TXN-1729,2023-07-06,5000,Operating Expenses,115.21,ZAR,PASS
TXN-1730,2023-04-18,4000,Revenue,4984.04,ZAR,PASS
TXN-1731,2023-02-28,1000,Cash,386.05,ZAR,PASS
TXN-1732,2023-10-31,2000,Intercompany Payables,1104.37,ZAR,PASS
TXN-1733,2023-08-22,5000,Operating Expenses,4403.03,ZAR,PASS
TXN-1734,2023-11-18,4000,Revenue,821.41,ZAR,PASS
TXN-1735,2023-02-19,5000,Operating Expenses,3210.72,ZAR,PASS
TXN-1736,2023-05-19,1000,Cash,2816.3,ZAR,PASS
TXN-1737,2023-12-29,2000,Intercompany Payables,2558.82,ZAR,PASS
TXN-1738,2023-01-29,5000,Operating Expenses,4295.31,ZAR,PASS
TXN-1739,2023-07-27,5000,Operating Expenses,3618.45,ZAR,PASS
TXN-1740,2023-12-26,4000,Revenue,1791.04,ZAR,PASS
TXN-1741,2023-04-28,4000,Revenue,1678.22,ZAR,PASS
TXN-1742,2023-10-03,2000,Intercompany Payables,2266.66,ZAR,PASS
TXN-1743,2023-08-09,1000,Cash,4172.11,ZAR,PASS
TXN-1744,2023-01-23,5000,Operating Expenses,3959.12,ZAR,PASS
TXN-1745,2023-01-10,1000,Cash,3175.22,ZAR,PASS
TXN-1746,2023-09-01,1000,Cash,1640.17,ZAR,PASS
TXN-1747,2023-01-04,1000,Cash,3525.03,ZAR,PASS
TXN-1748,2023-03-13,1000,Cash,344.67,ZAR,PASS
TXN-1749,2023-06-14,5000,Operating Expenses,4021.52,ZAR,PASS
TXN-1750,2023-02-28,1000,Cash,3147.62,ZAR,PASS
TXN-1751,2023-04-20,4000,Revenue,3272.72,ZAR,PASS
TXN-1752,2023-10-20,1000,Cash,4172.87,ZAR,PASS
TXN-1753,2023-07-01,2000,Intercompany Payables,1269.58,ZAR,PASS
TXN-1754,2023-01-18,5000,Operating Expenses,2631.0,ZAR,PASS
TXN-1755,2023-02-11,1000,Cash,1914.22,ZAR,PASS
TXN-1756,2023-01-18,4000,Revenue,3751.6,ZAR,PASS
TXN-1757,2023-10-26,2000,Intercompany Payables,1279.5,ZAR,PASS
TXN-1758,2023-05-10,1000,Cash,679.65,ZAR,PASS
TXN-1759,2023-02-16,4000,Revenue,3180.51,ZAR,PASS
TXN-1760,2023-09-24,5000,Operating Expenses,566.99,ZAR,PASS
TXN-1761,2023-04-26,5000,Operating Expenses,4843.06,ZAR,PASS
TXN-1762,2023-02-02,5000,Operating Expenses,1551.27,ZAR,PASS
TXN-1763,2023-09-22,5000,Operating Expenses,2311.34,ZAR,PASS
TXN-1764,2023-07-31,4000,Revenue,2462.71,ZAR,PASS
TXN-1765,2023-03-07,1000,Cash,2660.18,ZAR,PASS
TXN-1766,2023-12-11,1000,Cash,3336.98,ZAR,PASS
TXN-1767,2023-05-07,2000,Intercompany Payables,3355.23,ZAR,PASS
TXN-1768,2023-11-19,1000,Cash,526.2,ZAR,PASS
TXN-1769,2023-12-16,2000,Intercompany Payables,4197.04,ZAR,PASS
TXN-1770,2023-05-16,5000,Operating Expenses,4617.99,ZAR,PASS
TXN-1771,2023-02-26,5000,Operating Expenses,3159.44,ZAR,PASS
TXN-1772,2023-12-04,2000,Intercompany Payables,4976.64,ZAR,PASS
TXN-1773,2023-11-25,1000,Cash,1485.55,ZAR,PASS
TXN-1774,2023-12-27,1000,Cash,3282.58,ZAR,PASS
TXN-1775,2023-06-27,5000,Operating Expenses,2486.06,ZAR,PASS
TXN-1776,2023-03-23,4000,Revenue,718.92,ZAR,PASS
TXN-1777,2023-01-20,4000,Revenue,1508.79,ZAR,PASS
TXN-1778,2023-01-08,2000,Intercompany Payables,3240.98,ZAR,PASS
TXN-1779,2023-12-18,4000,Revenue,2197.15,ZAR,PASS
TXN-1780,2023-08-27,2000,Intercompany Payables,340.65,ZAR,PASS
TXN-1781,2023-07-30,2000,Intercompany Payables,1554.78,ZAR,PASS
TXN-1782,2023-01-02,4000,Revenue,4063.67,ZAR,PASS
TXN-1783,2023-10-08,1000,Cash,2020.43,ZAR,PASS
TXN-1784,2023-01-19,2000,Intercompany Payables,3288.57,ZAR,PASS
TXN-1785,2023-11-19,1000,Cash,4752.45,ZAR,PASS
TXN-1786,2023-02-10,4000,Revenue,2735.08,ZAR,PASS
TXN-1787,2023-05-21,1000,Cash,3251.65,ZAR,PASS
TXN-1788,2023-04-21,4000,Revenue,2233.89,ZAR,PASS
TXN-1789,2023-07-28,4000,Revenue,758.8,ZAR,PASS
TXN-1790,2023-02-27,2000,Intercompany Payables,4341.58,ZAR,PASS
TXN-1791,2023-03-21,2000,Intercompany Payables,739.5,ZAR,PASS
TXN-1792,2023-09-26,2000,Intercompany Payables,2115.62,ZAR,PASS
TXN-1793,2023-12-24,4000,Revenue,3369.87,ZAR,PASS
TXN-1794,2023-02-27,2000,Intercompany Payables,3017.8,ZAR,PASS
TXN-1795,2023-01-25,4000,Revenue,3666.46,ZAR,PASS
TXN-1796,2023-11-19,5000,Operating Expenses,1209.97,ZAR,PASS
TXN-1797,2023-02-27,2000,Intercompany Payables,1746.2,ZAR,PASS
TXN-1798,2023-10-10,2000,Intercompany Payables,670.17,ZAR,PASS
TXN-1799,2023-04-03,4000,Revenue,4952.32,ZAR,PASS
TXN-1800,2023-06-12,2000,Intercompany Payables,3151.85,ZAR,PASS
TXN-1801,2023-07-13,5000,Operating Expenses,2829.21,ZAR,PASS
TXN-1802,2023-03-26,2000,Intercompany Payables,4568.99,ZAR,PASS
TXN-1803,2023-09-15,1000,Cash,546.55,ZAR,PASS
TXN-1804,2023-11-14,4000,Revenue,1671.45,ZAR,PASS
TXN-1805,2023-10-08,4000,Revenue,2598.91,ZAR,PASS
TXN-1806,2023-03-16,1000,Cash,3599.89,ZAR,PASS
TXN-1807,2023-08-27,1000,Cash,3680.1,ZAR,PASS
TXN-1808,2023-01-20,4000,Revenue,1066.48,ZAR,PASS
TXN-1809,2023-04-27,4000,Revenue,1505.68,ZAR,PASS
TXN-1810,2023-07-11,4000,Revenue,343.22,ZAR,PASS
TXN-1811,2023-05-29,1000,Cash,1075.69,ZAR,PASS
TXN-1812,2023-02-22,5000,Operating Expenses,1408.53,ZAR,PASS
TXN-1813,2023-01-25,1000,Cash,3578.47,ZAR,PASS
TXN-1814,2023-09-22,1000,Cash,417.39,ZAR,PASS
TXN-1815,2023-04-19,2000,Intercompany Payables,3540.26,ZAR,PASS
TXN-1816,2023-02-04,1000,Cash,4303.46,ZAR,PASS
TXN-1817,2023-07-26,4000,Revenue,4253.22,ZAR,PASS
TXN-1818,2023-12-02,2000,Intercompany Payables,3815.66,ZAR,PASS
TXN-1819,2023-05-01,5000,Operating Expenses,4891.48,ZAR,PASS
TXN-1820,2023-09-11,5000,Operating Expenses,431.39,ZAR,PASS
TXN-1821,2023-12-03,1000,Cash,3457.71,ZAR,PASS
TXN-1822,2023-10-04,4000,Revenue,1742.04,ZAR,PASS
TXN-1823,2023-12-31,4000,Revenue,3842.67,ZAR,PASS
TXN-1824,2023-01-10,5000,Operating Expenses,4309.04,ZAR,PASS
TXN-1825,2023-02-10,1000,Cash,1368.18,ZAR,PASS
TXN-1826,2023-09-29,2000,Intercompany Payables,652.34,ZAR,PASS
TXN-1827,2023-09-22,4000,Revenue,398.27,ZAR,PASS
TXN-1828,2023-01-03,4000,Revenue,3504.14,ZAR,PASS
TXN-1829,2023-11-26,5000,Operating Expenses,287.65,ZAR,PASS
TXN-1830,2023-09-23,4000,Revenue,448.58,ZAR,PASS
TXN-1831,2023-10-26,5000,Operating Expenses,4986.53,ZAR,PASS
TXN-1832,2023-01-04,4000,Revenue,1914.51,ZAR,PASS
TXN-1833,2023-04-15,4000,Revenue,642.15,ZAR,PASS
TXN-1834,2023-03-02,2000,Intercompany Payables,4598.17,ZAR,PASS
TXN-1835,2023-07-10,4000,Revenue,1408.27,ZAR,PASS
TXN-1836,2023-01-09,2000,Intercompany Payables,2114.1,ZAR,PASS
TXN-1837,2023-06-23,2000,Intercompany Payables,4432.02,ZAR,PASS
TXN-1838,2023-12-08,2000,Intercompany Payables,4844.98,ZAR,PASS
TXN-1839,2023-10-15,1000,Cash,2640.23,ZAR,PASS
TXN-1840,2023-05-01,5000,Operating Expenses,4481.18,ZAR,PASS
TXN-1841,2023-11-08,2000,Intercompany Payables,4774.07,ZAR,PASS
TXN-1842,2023-05-03,1000,Cash,872.33,ZAR,PASS
TXN-1843,2023-04-18,4000,Revenue,1512.44,ZAR,PASS
TXN-1844,2023-03-02,5000,Operating Expenses,2254.77,ZAR,PASS
TXN-1845,2023-10-10,1000,Cash,1175.63,ZAR,PASS
TXN-1846,2023-04-21,1000,Cash,2900.23,ZAR,PASS
TXN-1847,2023-06-01,1000,Cash,319.51,ZAR,PASS
TXN-1848,2023-09-17,5000,Operating Expenses,3158.9,ZAR,PASS
TXN-1849,2023-02-08,5000,Operating Expenses,317.47,ZAR,PASS
TXN-1850,2023-03-18,1000,Cash,282.14,ZAR,PASS
TXN-1851,2023-02-17,4000,Revenue,2958.5,ZAR,PASS
TXN-1852,2023-07-24,1000,Cash,2375.61,ZAR,PASS
TXN-1853,2023-03-10,4000,Revenue,4476.24,ZAR,PASS
TXN-1854,2023-06-02,5000,Operating Expenses,4011.99,ZAR,PASS
TXN-1855,2023-12-23,1000,Cash,914.42,ZAR,PASS
TXN-1856,2023-04-17,5000,Operating Expenses,3962.05,ZAR,PASS
TXN-1857,2023-04-04,4000,Revenue,2629.16,ZAR,PASS
TXN-1858,2023-09-22,1000,Cash,1298.37,ZAR,PASS
TXN-1859,2023-04-14,4000,Revenue,4819.7,ZAR,PASS
TXN-1860,2023-12-06,4000,Revenue,930.15,ZAR,PASS
TXN-1861,2023-01-12,2000,Intercompany Payables,2707.02,ZAR,PASS
TXN-1862,2023-10-11,2000,Intercompany Payables,4606.7,ZAR,PASS
TXN-1863,2023-02-23,1000,Cash,3487.44,ZAR,PASS
TXN-1864,2023-06-20,5000,Operating Expenses,4942.29,ZAR,PASS
TXN-1865,2023-09-06,2000,Intercompany Payables,3425.3,ZAR,PASS
TXN-1866,2023-07-31,5000,Operating Expenses,2409.03,ZAR,PASS
TXN-1867,2023-07-18,4000,Revenue,234.18,ZAR,PASS
TXN-1868,2023-10-24,5000,Operating Expenses,1680.97,ZAR,PASS
TXN-1869,2023-04-27,4000,Revenue,4769.14,ZAR,PASS
TXN-1870,2023-01-15,1000,Cash,3755.84,ZAR,PASS
TXN-1871,2023-04-29,4000,Revenue,2496.52,ZAR,PASS
TXN-1872,2023-11-17,1000,Cash,1554.22,ZAR,PASS
TXN-1873,2023-05-02,1000,Cash,1543.79,ZAR,PASS
TXN-1874,2023-04-29,5000,Operating Expenses,2671.98,ZAR,PASS
TXN-1875,2023-05-06,1000,Cash,1446.4,ZAR,PASS
TXN-1876,2023-04-18,4000,Revenue,4105.21,ZAR,PASS
TXN-1877,2023-06-30,4000,Revenue,132.57,ZAR,PASS
TXN-1878,2023-02-25,5000,Operating Expenses,3429.59,ZAR,PASS
TXN-1879,2023-11-11,2000,Intercompany Payables,3034.11,ZAR,PASS
TXN-1880,2023-08-13,1000,Cash,4789.6,ZAR,PASS
TXN-1881,2023-01-16,1000,Cash,1204.86,ZAR,PASS
TXN-1882,2023-01-31,1000,Cash,1820.89,ZAR,PASS
TXN-1883,2023-12-09,5000,Operating Expenses,2862.7,ZAR,PASS
TXN-1884,2023-09-04,1000,Cash,3567.7,ZAR,PASS
TXN-1885,2023-06-11,4000,Revenue,2848.7,ZAR,PASS
TXN-1886,2023-12-06,4000,Revenue,733.11,ZAR,PASS
TXN-1887,2023-04-20,1000,Cash,601.41,ZAR,PASS
TXN-1888,2023-06-21,2000,Intercompany Payables,3572.7,ZAR,PASS
TXN-1889,2023-05-26,2000,Intercompany Payables,2935.41,ZAR,PASS
TXN-1890,2023-10-15,4000,Revenue,1215.2,ZAR,PASS
TXN-1891,2023-01-02,2000,Intercompany Payables,897.03,ZAR,PASS
TXN-1892,2023-05-04,4000,Revenue,1112.51,ZAR,PASS
TXN-1893,2023-04-07,4000,Revenue,2959.33,ZAR,PASS
TXN-1894,2023-04-10,5000,Operating Expenses,2072.59,ZAR,PASS
TXN-1895,2023-06-16,1000,Cash,3988.55,ZAR,PASS
TXN-1896,2023-04-22,4000,Revenue,2963.91,ZAR,PASS
TXN-1897,2023-01-08,2000,Intercompany Payables,3339.54,ZAR,PASS
TXN-1898,2023-06-28,5000,Operating Expenses,1799.67,ZAR,PASS
TXN-1899,2023-07-05,2000,Intercompany Payables,1444.65,ZAR,PASS
TXN-1900,2023-06-07,5000,Operating Expenses,2570.89,ZAR,PASS
TXN-1901,2023-07-11,1000,Cash,2772.03,ZAR,PASS
TXN-1902,2023-01-05,1000,Cash,1445.27,ZAR,PASS
TXN-1903,2023-12-04,1000,Cash,4444.91,ZAR,PASS
TXN-1904,2023-11-21,4000,Revenue,1764.23,ZAR,PASS
TXN-1905,2023-07-29,1000,Cash,182.68,ZAR,PASS
TXN-1906,2023-06-08,5000,Operating Expenses,4498.68,ZAR,PASS
TXN-1907,2023-04-08,1000,Cash,249.22,ZAR,PASS
TXN-1908,2023-11-08,1000,Cash,4207.89,ZAR,PASS
TXN-1909,2023-12-24,2000,Intercompany Payables,4903.14,ZAR,PASS
TXN-1910,2023-08-23,2000,Intercompany Payables,434.46,ZAR,PASS
TXN-1911,2023-08-12,2000,Intercompany Payables,3157.25,ZAR,PASS
TXN-1912,2023-02-06,4000,Revenue,3802.76,ZAR,PASS
TXN-1913,2023-10-02,1000,Cash,4472.28,ZAR,PASS
TXN-1914,2023-03-10,5000,Operating Expenses,3501.41,ZAR,PASS
TXN-1915,2023-01-23,4000,Revenue,162.12,ZAR,PASS
TXN-1916,2023-01-31,4000,Revenue,223.32,ZAR,PASS
TXN-1917,2023-01-08,5000,Operating Expenses,4660.67,ZAR,PASS
TXN-1918,2023-09-25,1000,Cash,1902.19,ZAR,PASS
TXN-1919,2023-05-31,2000,Intercompany Payables,1623.7,ZAR,PASS
TXN-1920,2023-09-21,4000,Revenue,3222.34,ZAR,PASS
TXN-1921,2023-07-11,5000,Operating Expenses,4562.51,ZAR,PASS
TXN-1922,2023-08-27,2000,Intercompany Payables,3379.64,ZAR,PASS
TXN-1923,2023-03-26,1000,Cash,215.17,ZAR,PASS
TXN-1924,2023-11-01,1000,Cash,4553.73,ZAR,PASS
TXN-1925,2023-01-23,4000,Revenue,4501.19,ZAR,PASS
TXN-1926,2023-10-18,4000,Revenue,1393.83,ZAR,PASS
TXN-1927,2023-03-23,1000,Cash,2351.4,ZAR,PASS
TXN-1928,2023-12-01,4000,Revenue,1245.29,ZAR,PASS
TXN-1929,2023-01-10,1000,Cash,1089.04,ZAR,PASS
TXN-1930,2023-05-01,2000,Intercompany Payables,2853.74,ZAR,PASS
TXN-1931,2023-05-16,1000,Cash,1419.65,ZAR,PASS
TXN-1932,2023-01-11,4000,Revenue,1744.9,ZAR,PASS
TXN-1933,2023-01-01,5000,Operating Expenses,2640.01,ZAR,PASS
TXN-1934,2023-04-23,4000,Revenue,2759.5,ZAR,PASS
TXN-1935,2023-12-18,2000,Intercompany Payables,666.95,ZAR,PASS
TXN-1936,2023-02-10,2000,Intercompany Payables,2487.02,ZAR,PASS
TXN-1937,2023-11-17,1000,Cash,483.49,ZAR,PASS
TXN-1938,2023-10-01,2000,Intercompany Payables,4788.54,ZAR,PASS
TXN-1939,2023-08-09,2000,Intercompany Payables,3135.05,ZAR,PASS
TXN-1940,2023-04-14,2000,Intercompany Payables,3567.81,ZAR,PASS
TXN-1941,2023-01-23,2000,Intercompany Payables,4311.65,ZAR,PASS
TXN-1942,2023-03-21,1000,Cash,2648.37,ZAR,PASS
TXN-1943,2023-06-26,1000,Cash,611.79,ZAR,PASS
TXN-1944,2023-10-03,5000,Operating Expenses,4923.09,ZAR,PASS
TXN-1945,2023-05-13,5000,Operating Expenses,3911.2,ZAR,PASS
TXN-1946,2023-10-01,2000,Intercompany Payables,2211.13,ZAR,PASS
TXN-1947,2023-08-21,4000,Revenue,3979.19,ZAR,PASS
TXN-1948,2023-11-04,1000,Cash,2866.32,ZAR,PASS
TXN-1949,2023-10-23,1000,Cash,3724.46,ZAR,PASS
TXN-1950,2023-11-17,2000,Intercompany Payables,883.81,ZAR,PASS
TXN-1951,2023-10-31,4000,Revenue,3747.23,ZAR,PASS
TXN-1952,2023-03-19,1000,Cash,121.51,ZAR,PASS
TXN-1953,2023-07-13,5000,Operating Expenses,324.27,ZAR,PASS
TXN-1954,2023-12-16,4000,Revenue,4007.65,ZAR,PASS
TXN-1955,2023-09-01,2000,Intercompany Payables,4796.35,ZAR,PASS
TXN-1956,2023-05-01,4000,Revenue,2715.63,ZAR,PASS
TXN-1957,2023-12-11,2000,Intercompany Payables,1269.64,ZAR,PASS
TXN-1958,2023-02-07,1000,Cash,591.44,ZAR,PASS
TXN-1959,2023-04-23,2000,Intercompany Payables,4240.26,ZAR,PASS
TXN-1960,2023-07-26,2000,Intercompany Payables,1823.89,ZAR,PASS
TXN-1961,2023-12-08,5000,Operating Expenses,2710.08,ZAR,PASS
TXN-1962,2023-05-02,5000,Operating Expenses,2079.87,ZAR,PASS
TXN-1963,2023-05-05,4000,Revenue,3820.61,ZAR,PASS
TXN-1964,2023-06-20,2000,Intercompany Payables,4991.77,ZAR,PASS
TXN-1965,2023-10-09,2000,Intercompany Payables,2750.62,ZAR,PASS
TXN-1966,2023-11-11,1000,Cash,1636.48,ZAR,PASS
TXN-1967,2023-07-03,1000,Cash,2737.14,ZAR,PASS
TXN-1968,2023-03-03,1000,Cash,420.63,ZAR,PASS
TXN-1969,2023-04-17,4000,Revenue,2910.4,ZAR,PASS
TXN-1970,2023-07-07,2000,Intercompany Payables,3353.63,ZAR,PASS
TXN-1971,2023-06-24,1000,Cash,2545.1,ZAR,PASS
TXN-1972,2023-06-20,5000,Operating Expenses,4308.16,ZAR,PASS
TXN-1973,2023-09-07,4000,Revenue,2005.93,ZAR,PASS
TXN-1974,2023-11-14,1000,Cash,572.32,ZAR,PASS
TXN-1975,2023-11-29,1000,Cash,4171.91,ZAR,PASS
TXN-1976,2023-07-27,2000,Intercompany Payables,4908.83,ZAR,PASS
TXN-1977,2023-02-11,5000,Operating Expenses,986.06,ZAR,PASS
TXN-1978,2023-06-16,5000,Operating Expenses,1343.54,ZAR,PASS
TXN-1979,2023-08-06,5000,Operating Expenses,3265.76,ZAR,PASS
TXN-1980,2023-12-07,4000,Revenue,1466.12,ZAR,PASS
TXN-1981,2023-08-22,2000,Intercompany Payables,3185.9,ZAR,PASS
TXN-1982,2023-06-28,5000,Operating Expenses,4204.28,ZAR,PASS
TXN-1983,2023-12-27,5000,Operating Expenses,4817.71,ZAR,PASS
TXN-1984,2023-02-09,1000,Cash,2571.17,ZAR,PASS
TXN-1985,2023-07-27,1000,Cash,3187.32,ZAR,PASS
TXN-1986,2023-11-18,1000,Cash,2891.59,ZAR,PASS
TXN-1987,2023-07-21,2000,Intercompany Payables,418.86,ZAR,PASS
TXN-1988,2023-02-04,5000,Operating Expenses,590.33,ZAR,PASS
TXN-1989,2023-10-11,4000,Revenue,4616.83,ZAR,PASS
TXN-1990,2023-05-27,5000,Operating Expenses,4850.2,ZAR,PASS
TXN-1991,2023-11-16,4000,Revenue,4971.46,ZAR,PASS
TXN-1992,2023-08-16,5000,Operating Expenses,645.18,ZAR,PASS
TXN-1993,2023-05-29,1000,Cash,1949.43,ZAR,PASS
TXN-1994,2023-03-03,5000,Operating Expenses,2318.63,ZAR,PASS
TXN-1995,2023-08-02,2000,Intercompany Payables,2773.84,ZAR,PASS
TXN-1996,2023-09-11,4000,Revenue,2994.36,ZAR,PASS
TXN-1997,2023-06-12,5000,Operating Expenses,2647.71,ZAR,PASS
TXN-1998,2023-09-24,4000,Revenue,2178.75,ZAR,PASS
TXN-1999,2023-09-07,1000,Cash,101.54,ZAR,PASS
